Year,biomass_relative_to_msy,total_biomass,spawning_stock_biomass,total_catch,fishing_mortality,exploitation_rate,total_biomass_relative_to_msy,spawning_stock_relative_to_msy,fishing_mortality_relative_to_msy,catch_relative_to_msy,Normalized
1955.0,19.68412743,23760914.01,8767162.56,110390.1094,0.082487467,0.058995278,14.85826912,16.22428934,0.596850064,1.59686756,0.038042114
1955.246637,14.1227422,17086064.91,6285547.605,84168.16016,0.062864886,0.045480794,10.71096482,11.63634291,0.467839451,1.253844695,0.02735543
1955.493274,21.02898229,25498625.65,9352393.437,132735.7052,0.099099671,0.072425193,16.02430008,17.32061824,0.755711958,2.028291551,0.040824255
1955.73991,20.46641096,24872254.92,9095484.809,136406.7312,0.101803495,0.075073141,15.66922625,16.85132944,0.793102995,2.131277548,0.039821412
1955.986547,20.6561741,25159254.31,9173032.222,144972.7563,0.108161146,0.080405028,15.88892955,17.00158443,0.858696931,2.310011918,0.040280909
1956.233184,17.17709045,20705187.73,7692277.157,134794.7231,0.102423678,0.070559277,13.15561403,14.16264015,0.808842555,2.078958423,0.033149781
1956.479821,17.59817694,20979309.67,7949629.743,152918.5154,0.117970369,0.076003715,13.41359949,14.53633421,0.926838441,2.290605223,0.033588661
1956.726457,20.83707036,24568774.71,9492789.807,198310.9442,0.154854832,0.094315525,15.80724263,17.24255353,1.211677253,2.899202052,0.039335529
1956.973094,16.03416506,18700160.9,7365281.719,165649.2112,0.130639228,0.07584681,12.10689557,13.29151547,1.01882517,2.37242337,0.029939658
1957.219731,17.42940492,20410011.82,8012159.828,192694.0579,0.151733752,0.088892787,13.20594318,14.43431819,1.175883822,2.707995369,0.032677194
1957.466368,15.14487149,17840652.53,6960848.868,178439.0626,0.140151616,0.08325086,11.52676295,12.52598121,1.079504307,2.464590382,0.028563553
1957.713004,18.48605733,21908043.23,8495114.286,231470.6197,0.181387863,0.109081468,14.13404005,15.26905553,1.389385087,3.146856851,0.035075598
1957.959641,14.59690239,17404614.92,6706758.528,193754.6177,0.151517519,0.092130889,11.21214859,12.04035408,1.154721589,2.596144079,0.027865441
1958.206278,18.12029046,21685381.07,8349466.027,255865.0375,0.200909267,0.1194193,13.98454334,14.93746456,1.570010941,3.576345114,0.034719108
1958.452915,18.32266098,21998461.25,8472146.422,274728.6106,0.21674839,0.125423199,14.20848839,15.09716562,1.740085356,4.020703331,0.035220361
1958.699552,18.70679616,22532953.32,8680193.54,297036.082,0.235348016,0.132880975,14.57642663,15.40631398,1.934269527,4.523102609,0.036076103
1958.946188,17.11081013,20678427.22,7967821.204,287022.3722,0.228288674,0.126016543,13.39772003,14.0850899,1.915325882,4.524500234,0.033106937
1959.192825,17.90485563,20106375.01,7880979.957,296240.4741,0.275466115,0.127699954,13.47636274,14.95551647,2.235720244,4.643654234,0.03219106
1959.439462,17.07292596,17544428.29,7027640.059,274451.2608,0.298001231,0.11630297,12.2631612,14.49034044,2.340031853,4.238621392,0.028089287
1959.686099,24.10935874,22805849.28,9334611.701,377854.6866,0.463569379,0.157625878,16.60705993,20.74031311,3.556337341,5.756533396,0.036513019
1959.932735,19.77709478,17308282.18,7238391.143,303057.4136,0.410650372,0.12460413,13.11816083,17.21095216,3.096296551,4.559392678,0.027711208
1960.179372,20.33578374,17322556.74,7280413.106,310406.7382,0.443951641,0.125809203,13.3655351,17.7353902,3.348234708,4.643267983,0.027734062
1960.426009,24.64045151,20793326.88,8728075.438,377070.7696,0.561615389,0.150551874,16.20585542,21.46825889,4.258980716,5.62086641,0.033290896
1960.672646,25.59403056,21388775.53,8966111.878,392685.0047,0.608631502,0.154362601,16.84487625,22.27628965,4.639383132,5.832750855,0.034244231
1960.919283,25.26381888,20900511.78,8749235.54,388655.2575,0.626430478,0.15032596,16.63957717,21.96576465,4.79826003,5.751773145,0.033462503
1961.165919,22.63722494,18664249.07,7672380.002,349659.8689,0.558753313,0.1394741,14.99444653,19.64361496,4.247428739,5.127426197,0.029882162
1961.412556,21.17147933,17455907.72,6978867.352,328602.2926,0.50791091,0.138180216,14.14022049,18.32641546,3.803956788,4.760038973,0.027947562
1961.659193,21.876431,18037309.5,6999802.33,341244.8602,0.509062957,0.151096755,14.73642843,18.88795967,3.749567854,4.88049905,0.028878408
1961.90583,19.25403907,15875278.58,5966996.197,301897.2825,0.43360108,0.140602873,13.08479834,16.57920969,3.134221292,4.260611386,0.025416916
1962.152466,22.2746201,18321198.64,6794241.277,355927.6397,0.494320028,0.169751131,15.25864535,19.15279553,3.532360163,5.059305207,0.029332926
1962.399103,22.95474384,18805165.5,6966480.466,376862.4451,0.508155719,0.181063731,15.84093451,19.7255961,3.609478769,5.460571615,0.030107775
1962.64574,17.29554262,14111214.67,5222016.685,291661.1335,0.381913247,0.141118723,12.02468282,14.85330867,2.696069168,4.30332674,0.022592583
1962.892377,17.17613091,13955464.3,5158740.676,297429.9611,0.378304187,0.144882919,12.03163796,14.7414797,2.653693264,4.464399153,0.022343221
1963.139013,16.74604809,13613007.51,5052209.138,289428.396,0.368474929,0.144797167,11.83439239,14.36400887,2.60911477,4.376751118,0.021794935
1963.38565,23.29313855,19015347.4,7113260.499,392832.0626,0.512689647,0.205159476,16.62427525,19.96892911,3.70935601,5.94304731,0.030444284
1963.632287,21.68909966,17781690.17,6704580.062,356557.9254,0.477530366,0.194579675,15.63368705,18.58351648,3.529736203,5.396805739,0.028469152
1963.878924,20.55102041,16921594.85,6430887.607,328972.3496,0.452613854,0.187784483,14.96177004,17.59849181,3.417493151,4.981782352,0.027092107
1964.125561,21.76996849,17908284.8,6848336.398,344980.9719,0.476912796,0.200240993,15.94136695,18.6420311,3.615322093,5.182928508,0.028671835
1964.372197,20.30146768,16598909.97,6377065.732,323845.4939,0.43994406,0.185857956,14.89180159,17.39354398,3.292239079,4.787596448,0.026575477
1964.618834,22.69532481,18442948.49,7118616.545,364417.1569,0.486460211,0.206795273,16.67655624,19.45458498,3.591963447,5.301061409,0.029527852
1964.865471,18.39673135,14858061.31,5761892.725,297326.9464,0.389981057,0.166835028,13.5412553,15.77796061,2.839962814,4.255654925,0.023788313
1965.112108,20.33832322,16280862.09,6367356.559,331203.1533,0.426040461,0.181825209,14.95385599,17.45880234,3.003916878,4.650381333,0.02606627
1965.358744,16.18373246,12798292.83,5070906.118,265866.4921,0.33468789,0.140956228,11.8458966,13.91108746,2.229065246,3.649077885,0.020490546
1965.605381,19.6475523,15348515.4,6161341.54,325565.9237,0.401110183,0.166633235,14.31707168,16.91098766,2.511821786,4.368198862,0.024573548
1965.852018,16.75047074,12925351.8,5257156.76,279926.8774,0.337554385,0.138260499,12.15162952,14.43646187,1.97695476,3.671706138,0.020693973
1966.098655,15.80723528,12084807.4,4928706.197,266078.5843,0.315359621,0.13091383,11.42667009,13.63045379,1.77388221,3.518336702,0.019348229
1966.345291,19.70448208,14993041.07,6034176.776,333513.049,0.390896836,0.171310235,14.2121367,16.97906585,2.213929855,4.646677483,0.024004421
1966.591928,16.75133136,12684547.96,5035214.495,285109.9008,0.330402675,0.152638773,12.05474328,14.42406965,1.884452399,4.17529115,0.020308437
1966.838565,22.04587933,16611655.66,6500348.997,377335.1328,0.432282144,0.21023436,15.82827668,18.96928027,2.48317574,5.795439209,0.026595883
1967.085202,17.4286772,13056796.78,5053238.584,298381.4296,0.338387032,0.170400619,12.4414962,14.99057839,1.961256663,4.68685954,0.020904421
1967.331839,16.70506379,12423664.61,4789212.482,283128.9145,0.318719834,0.161380339,11.77891867,14.37196457,1.870166008,4.347439234,0.019890753
1967.578475,19.55751837,14438420.52,5543474.035,328119.3,0.366561899,0.186657768,13.6191661,16.83045327,2.178186214,4.920133547,0.023116452
1967.825112,16.59707792,12162323.35,4650423.935,275602.9372,0.30548766,0.156468252,11.41238657,14.28656411,1.838862308,4.031324444,0.019472335
1968.071749,18.93204511,13767586.65,5253392.3,314153.0115,0.342151976,0.17811187,12.86542192,16.30398311,2.074120026,4.488800567,0.022042422
1968.318386,17.03460572,12287159.28,4703260.365,289104.5328,0.302319673,0.163960642,11.46779456,14.68376073,1.817802474,4.06021839,0.019672202
1968.565022,19.38425809,13867573.49,5325139.036,336303.0371,0.337718362,0.190784317,12.92652592,16.72487282,2.01344497,4.644488312,0.022202505
1968.811659,20.1551424,14300176.32,5508997.524,357285.6248,0.344600288,0.202744501,13.31270025,17.40633513,2.03626148,4.854370759,0.022895118
1969.058296,20.18864378,14251382.42,5499355.902,364615.7952,0.3455958,0.206363013,13.26736236,17.44628196,1.999202805,4.871483167,0.022816997
1969.304933,21.73006911,15423846.74,5930940.879,396684.4596,0.396962679,0.221834542,14.41982138,18.77153058,2.167171121,5.196469709,0.024694157
1969.55157,17.40544163,12422963.19,4760121.745,321183.1051,0.338306771,0.177454226,11.66365362,15.03016519,1.748353309,4.124044779,0.01988963
1969.798206,16.55669766,11883646.75,4537224.461,308854.0313,0.341492572,0.168576822,11.20479872,14.29189368,1.675174695,3.885944883,0.019026164
1970.044843,21.4636662,15497930.6,5906239.327,405192.4585,0.466605247,0.21996989,14.65365138,18.5199168,2.201018274,5.018595269,0.024812768
1970.29148,14.44962727,10510713.34,4029843.374,277310.1545,0.324219021,0.154336765,9.901138594,12.46056764,1.542870574,3.456346345,0.016828046
1970.538117,14.7748585,10827549.27,4176288.228,288254.5778,0.341997491,0.164300186,10.16148083,12.73346179,1.641055207,3.614882511,0.017335312
1970.784753,17.82871162,13163883.69,5107807.131,353597.8777,0.425530283,0.206212857,12.30772493,15.35609948,2.058016807,4.46100005,0.021075871
1971.03139,20.94233316,15555508.08,6079615.044,423473.806,0.515395154,0.251253584,14.49845209,18.0279006,2.507498682,5.357582017,0.024904951
1971.278027,20.94690963,15482678.38,6149861.834,440391.0241,0.532811977,0.257274612,14.45028938,18.02903785,2.580563965,5.47402765,0.024788348
1971.524664,16.45261122,12100265.66,4885067.153,359255.6058,0.432227612,0.206809825,11.30914358,14.15856404,2.084442345,4.391029967,0.019372979
1971.7713,15.79838981,11560402.88,4743894.975,357927.7429,0.428367393,0.203181067,10.81991422,13.59340487,2.057406029,4.305204361,0.018508638
1972.017937,17.9104224,13050998.96,5431472.285,420054.4674,0.501698121,0.235429164,12.22806558,15.40633303,2.398292114,4.974770894,0.020895138
1972.264574,19.81691641,14556045.11,5963368.351,472767.6485,0.584726473,0.263682442,13.58637783,17.01472171,2.754779983,5.500252317,0.023304774
1972.511211,14.9907346,11101848.26,4474805.199,363899.693,0.465538116,0.201967608,10.32199094,12.84625445,2.163188883,4.157544972,0.017774475
1972.757848,17.62979402,13166928.32,5218381.23,435605.3716,0.57579514,0.240573316,12.19328662,15.07764169,2.640687067,4.885582477,0.021080746
1973.004484,17.23671353,12985809.39,5058350.69,433661.3051,0.591402569,0.238423969,11.97627437,14.71098169,2.678940792,4.77519029,0.020790767
1973.251121,13.20124591,10045040.02,3887408.871,339029.1138,0.464745024,0.190245365,9.213231129,11.24638785,2.090344032,3.760013511,0.016082485
1973.497758,17.35844509,13343233.41,5129658.976,455146.5246,0.627104203,0.260519121,12.16996662,14.76024545,2.800962735,5.083492452,0.021363017
1973.744395,15.51585517,12051302.18,4601814.202,415461.0919,0.575302007,0.242424716,10.92923304,13.16786721,2.551929592,4.672480005,0.019294586
1973.991031,17.39692929,13656413.38,5179011.075,475818.0794,0.662141237,0.282881798,12.31340324,14.73466226,2.917214183,5.387821266,0.02186443
1974.237668,15.96596749,12535278.3,4793827.583,439222.4938,0.588616824,0.262433927,11.23535647,13.52849161,2.65656705,4.831782803,0.02006945
1974.484305,12.71618071,9981516.838,3851462.424,351653.3561,0.452473666,0.2110499,8.892550452,10.78050726,2.09704924,3.750235232,0.015980782
1974.730942,16.38668746,12859719.36,5006483.578,455533.5479,0.561899075,0.274605435,11.38687063,13.89963388,2.677996046,4.705569474,0.020588893
1974.977578,17.54045389,13761981.32,5405627.633,490166.4201,0.578646818,0.296779794,12.11051007,14.88620622,2.840307041,4.899904216,0.022033448
1975.224215,14.07707352,11095763.36,4315756.312,406832.9891,0.472977054,0.250160506,9.699437094,11.95135772,2.38489085,4.118193285,0.017764733
1975.470852,13.41081621,10624935.92,4084041.829,401614.8131,0.461444676,0.250779767,9.225422911,11.38980309,2.385604604,4.130515602,0.017010921
1975.717489,12.91948765,10288556.77,3907692.001,400565.0739,0.455103867,0.253720281,8.872883376,10.97650328,2.408775875,4.180916392,0.016472365
1975.964126,14.49252553,11601207.09,4353187.88,464825.6767,0.522491955,0.298360536,9.936725555,12.31748691,2.82740048,4.918643225,0.018573967
1976.210762,11.64969886,9377603.89,3532255.012,384870.9647,0.44247136,0.243276613,8.020270333,9.912839311,2.341935639,4.017734646,0.015013895
1976.457399,15.91036296,12879417.72,4882663.913,540695.7687,0.638042953,0.335174298,11.00906165,13.55589723,3.285632242,5.546470703,0.02062043
1976.704036,12.31488165,10024859.96,3824705.1,430199.9623,0.520046712,0.261699574,8.564287975,10.50616071,2.610793217,4.339101499,0.016050176
1976.950673,16.69536044,13666863.09,5246951.97,599119.6987,0.740634767,0.357872447,11.66923975,14.26185509,3.631445882,5.945136692,0.02188116
1977.197309,13.11901849,10747045.47,4185494.79,465569.3706,0.588818671,0.278633635,9.146465715,11.22855952,2.89476214,4.584362958,0.017206423
1977.443946,12.51492997,10247212.11,4055258.137,434997.4804,0.563164136,0.262175542,8.68704563,10.73382241,2.79312495,4.25828423,0.016406171
1977.690583,16.22760769,13280758.97,5338692.0,552292.1725,0.732109051,0.335284874,11.21492534,13.94681032,3.662463018,5.373609618,0.021262993
1977.93722,15.71245428,12853015.52,5246459.407,523468.8591,0.71067096,0.320156594,10.81161487,13.53162951,3.585328182,5.060889433,0.020578159
1978.183857,15.52929351,12676023.53,5224676.863,522358.9007,0.701633261,0.3191534,10.65712468,13.39099181,3.528761931,5.003621625,0.020294789
1978.430493,13.44259156,10942864.09,4545970.299,461277.9665,0.605949743,0.280755525,9.205742294,11.60350061,3.025970705,4.374745244,0.017519935
1978.67713,11.95900553,9708496.192,4065102.759,418504.2524,0.537820834,0.253777446,8.172462242,10.3334969,2.666448148,3.930748523,0.015543666
1978.923767,14.98973695,12135340.19,5121537.96,534800.0742,0.672541798,0.323133604,10.22182515,12.96563302,3.310034004,4.975749562,0.019429134
1979.170404,17.35606539,14012690.92,5916683.174,632028.8089,0.785918812,0.37617678,11.80182589,15.01116014,3.792001841,5.803537703,0.022434843
1979.41704,14.53167871,11699947.78,4925813.889,540421.2327,0.667596416,0.315235657,9.849468653,12.56090224,3.139181224,4.889624583,0.018732055
1979.663677,15.73758367,12635065.27,5303633.723,597678.97,0.733562135,0.341698752,10.63169551,13.59502612,3.360233248,5.329063479,0.020229213
1979.910314,11.48344607,9192962.941,3846950.901,445348.3047,0.543127061,0.249557435,7.731637039,9.913931177,2.422558294,3.913576602,0.014718278
1980.156951,11.33698601,9138352.807,3779916.954,448679.6963,0.559551848,0.251369092,7.699767921,9.769184599,2.504579838,3.924215827,0.014630845
1980.403587,13.11008777,10703651.43,4353042.423,529488.0079,0.685618775,0.299924876,9.047450288,11.26684034,3.128813306,4.634737246,0.017136947
1980.650224,13.79984219,11416328.91,4562227.181,569033.3875,0.764060514,0.325861252,9.681099326,11.82638089,3.548963263,4.984937367,0.01827797
1980.896861,12.3804363,10382278.71,4074370.719,521462.4599,0.725195998,0.301866685,8.833131233,10.57879779,3.42350923,4.57191787,0.016622417
1981.143498,11.20704062,9455093.073,3661033.5,480093.3326,0.677903697,0.282503199,8.054096106,9.568379362,3.323005567,4.223266815,0.015137958
1981.390135,14.86155777,12543017.96,4809111.571,645317.3354,0.912563472,0.387325286,10.68138634,12.69865022,4.706198283,5.705476252,0.020081842
1981.636771,13.67282252,11544108.65,4381903.002,601761.3668,0.852216588,0.368152946,9.827867425,11.69231724,4.608321623,5.346776644,0.018482551
1981.883408,15.06086224,12720912.93,4779384.847,671825.6084,0.95281148,0.418673847,10.82652724,12.88976165,5.386270252,5.99830298,0.020366658
1982.130045,12.18269966,10314582.21,3873263.89,556021.1938,0.794758567,0.350848655,8.779490074,10.43386079,4.647418365,4.943933719,0.016514033
1982.376682,12.59078235,10705134.66,4053382.274,592683.1176,0.858160143,0.376671173,9.116212398,10.78994121,5.14104298,5.208409336,0.017139322
1982.623318,13.70696536,11703745.67,4468178.166,665082.2825,0.974728371,0.425553595,9.971311718,11.75372054,5.968859006,5.778986625,0.018738135
1982.869955,11.65535575,9994618.406,3847091.161,582611.7632,0.86365593,0.375179309,8.519207962,10.00069379,5.395418984,5.007613751,0.016001759
1983.116592,10.85290821,9313142.374,3623666.366,546365.8163,0.822821035,0.35144874,7.98477895,9.318098672,5.051577392,4.647221258,0.01491069
1983.363229,13.72102488,11735208.92,4629433.968,678352.9464,1.044000434,0.432178611,10.1816662,11.78830132,6.033162537,5.70791633,0.018788509
1983.609865,13.01697168,11095418.07,4438178.837,631618.6843,0.994018772,0.39832013,9.742636558,11.19081795,5.383728705,5.254014336,0.01776418
1983.856502,12.54841967,10659253.98,4323663.796,597227.465,0.961745214,0.372565144,9.473463797,10.79522915,4.857795612,4.907532323,0.017065865
1984.103139,11.0756045,9360223.333,3824219.545,526554.0414,0.849567366,0.326844093,8.378780019,9.532197654,4.107852218,4.279983164,0.014986068
1984.349776,12.10431874,10154309.88,4139072.181,589748.3349,0.925559132,0.367469553,9.091510655,10.41823001,4.470216297,4.75618346,0.016257431
1984.596413,10.21175095,8503233.415,3457938.989,509568.0103,0.778387533,0.318659203,7.614860623,8.789855521,3.755129535,4.078770481,0.013613995
1984.843049,12.38953871,10239886.7,4154256.569,632806.2288,0.941414811,0.397085638,9.172049871,10.66509025,4.536407342,5.028827348,0.016394442
1985.089686,11.00698765,9066531.619,3664214.785,568711.0718,0.843125775,0.360598707,8.124121342,9.476139008,4.096986081,4.515179248,0.014515857
1985.336323,9.995464279,8265205.58,3319288.269,512158.7784,0.786917541,0.332286567,7.410978757,8.607268342,3.9166124,4.105907225,0.013232904
1985.58296,12.20814735,10134312.6,4043936.256,620226.5372,0.987446913,0.411817916,9.092939234,10.51508696,5.026382076,5.021838531,0.016225414
1985.829596,12.79530012,10663627.14,4227660.702,644418.0407,1.062906775,0.437969469,9.574242779,11.02340211,5.525982503,5.270812753,0.017072867
1986.076233,11.16421581,9312070.473,3690780.501,561223.0311,0.94010035,0.385342645,8.361110536,9.623498983,4.925548346,4.580873596,0.014908974
1986.32287,11.17510767,9263844.926,3722163.639,569484.8043,0.926928979,0.383571233,8.306439264,9.644921179,4.75855835,4.512461373,0.014831763
1986.569507,14.03900962,11566315.31,4710781.988,725070.2929,1.146870959,0.479187385,10.35665444,12.13171298,5.763360823,5.577811014,0.018518104
1986.816143,12.92422843,10582288.26,4368515.077,676324.4305,1.039678044,0.438679371,9.462366313,11.18215498,5.109093529,5.051485876,0.01694264
1987.06278,9.992181588,8138694.108,3393378.751,530681.0339,0.805248928,0.33695169,7.287566871,8.65354646,3.845024369,3.855661973,0.013030354
1987.309417,13.35501595,10850260.72,4523194.398,723633.1496,1.13254747,0.446154064,9.809329636,11.56756533,5.180189065,5.142921651,0.017371674
1987.556054,10.49229873,8502750.921,3543979.971,579851.617,0.934229148,0.347204317,7.761253736,9.089337803,4.102267824,4.032337393,0.013613223
1987.802691,11.07671466,8953326.452,3731145.507,624173.3629,1.033425695,0.363026963,8.251487588,9.597031604,4.365222581,4.248265919,0.014334611
1988.049327,10.03896505,8090547.264,3375424.688,574866.192,0.979410152,0.328243108,7.537981323,8.698418044,3.954888488,3.853972347,0.012953269
1988.295964,12.85831969,10316426.02,4331701.787,738964.6211,1.308848536,0.431929463,9.766599306,11.13789913,4.895365329,5.000841546,0.016516985
1988.542601,9.58663257,7656750.209,3235784.719,552933.1533,1.016656837,0.330665699,7.365405117,8.301410387,3.521966263,3.776865103,0.012258744
1988.789238,13.58728258,10802423.16,4595044.717,786523.7402,1.499212851,0.48098675,10.55877178,11.76208062,4.809280513,5.42216283,0.017295084
1989.035874,9.982649621,7903334.765,3385934.252,583079.7768,1.132003037,0.363876621,7.824131192,8.639496004,3.424942002,4.041578022,0.012653535
1989.282511,11.92745495,9427230.528,4081143.212,724996.5475,1.300215796,0.457133557,9.273131635,10.32371173,4.1489696,4.946380388,0.015093349
1989.529148,9.674398357,7633439.921,3339494.966,611352.2987,1.011555066,0.389187582,7.459518144,8.374486936,3.411969713,4.108652942,0.012221423
1989.775785,12.26138681,9657924.421,4270128.533,804799.8993,1.226686287,0.516925893,9.374572891,10.6150163,4.384436255,5.331584686,0.015462699
1990.022422,13.35915624,10507985.0,4687991.288,907444.6993,1.281153435,0.586599846,10.14228822,11.56705526,4.824300938,5.925144489,0.016823678
1990.269058,10.88888444,8584831.154,3800778.416,744096.6664,1.046503605,0.474703219,8.343180976,9.432886078,3.814082816,4.751697175,0.013744636
1990.515695,9.287824944,7339889.197,3224201.059,638564.147,0.894590997,0.401918929,7.182928495,8.050024115,3.150344374,3.985231923,0.011751438
1990.762332,8.908673827,7057247.823,3075211.764,616295.1942,0.859993529,0.382585819,6.954865925,7.725433561,2.920875756,3.756112213,0.011298918
1991.008969,8.806170985,6989033.027,3022743.184,612707.4504,0.852030434,0.375410039,6.934958328,7.641062733,2.788205435,3.648914482,0.011189704
1991.255605,11.60362607,9081780.093,3976337.491,800414.7529,1.124923418,0.497291785,9.019836427,10.08982073,3.640755015,4.831741948,0.01454027
1991.502242,11.64046133,8984708.953,3982401.254,796108.9338,1.130695814,0.501463638,8.931763856,10.14301144,3.61953856,4.870468183,0.014384856
1991.748879,12.059517,9179710.404,4119075.749,817783.606,1.173646666,0.522161959,9.134240475,10.529748,3.716404886,5.069665742,0.01469706
1991.995516,10.46518117,7856319.635,3568791.608,703697.9171,1.020403514,0.455390421,7.824879011,9.156107891,3.196497524,4.419821108,0.012578262
1992.242152,10.55221615,7877096.687,3589084.522,698921.1785,1.017641787,0.463458131,7.852361263,9.234915844,3.259300425,4.459620844,0.012611527
1992.488789,10.79640873,8014567.536,3662366.295,704018.0164,1.029311474,0.478646736,7.996441399,9.451071667,3.373407564,4.565634565,0.012831623
1992.735426,12.66760889,9350490.512,4285526.892,812902.3351,1.193622815,0.566896638,9.337737975,11.09200393,4.003941047,5.360270401,0.014970486
1992.982063,12.13724535,8907555.595,4094880.013,766150.7169,1.13000967,0.548286433,8.903582028,10.63041705,3.880715282,5.139076668,0.01426133
1993.2287,11.0037985,8080021.579,3710878.267,716511.9158,1.06642839,0.510835203,8.094542233,9.638705199,3.613577002,4.774414626,0.012936417
1993.475336,9.575379679,7038495.278,3228350.35,645178.1489,0.968820274,0.457300784,7.067877375,8.38828404,3.232454401,4.264249233,0.011268895
1993.721973,12.59256903,9266140.008,4244512.303,877436.7948,1.328643143,0.618468307,9.327155477,11.03248061,4.368522527,5.754357696,0.014835437
1993.96861,12.00179936,8840941.143,4044331.99,864322.3683,1.319138314,0.605987237,8.92076308,10.5159272,4.277393953,5.626224192,0.014154678
1994.215247,11.81477682,8748665.111,3982890.055,863094.7346,1.302232203,0.601587735,8.828786401,10.34943961,4.276995311,5.569067212,0.014006941
1994.461883,10.99518599,8189963.219,3708461.58,812683.1013,1.208600335,0.563069133,8.263224667,9.628507921,4.03673847,5.196435394,0.013112438
1994.70852,8.507122656,6374795.229,2870760.863,636265.7627,0.932503744,0.438195393,6.430449102,7.447340024,3.167910105,4.031381111,0.010206286
1994.955157,11.11777713,8382002.708,3753706.128,841518.5487,1.215186767,0.576063509,8.453360101,9.729609346,4.199704749,5.282994843,0.0134199
1995.201794,11.97030208,8973912.639,4041380.175,887739.1165,1.329619081,0.613149652,9.108511931,10.48809193,4.548566453,5.590116004,0.01436757
1995.44843,11.58630322,8614674.968,3911084.918,835497.3218,1.312662151,0.584391419,8.812933606,10.16690255,4.420213633,5.292671963,0.013792417
1995.695067,11.88048462,8761035.203,4009729.276,832611.1085,1.372050989,0.590012002,9.033266377,10.44052182,4.550255209,5.307267563,0.014026746
1995.941704,10.53209505,7703234.587,3554061.777,716981.3612,1.239178526,0.51496579,8.005016304,9.269133344,4.049435389,4.599879104,0.012333167
1996.188341,10.61292631,7642991.83,3544431.538,739336.2313,1.25881485,0.522174098,7.983050157,9.356132585,4.09304099,4.701403599,0.012236716
1996.434978,11.74658626,8310551.775,3870591.68,849481.9104,1.400013232,0.585324299,8.717832626,10.37358897,4.54285434,5.333511555,0.013305505
1996.681614,11.81683277,8213166.388,3841910.87,885361.7039,1.415038719,0.596109102,8.65341307,10.45345561,4.582471083,5.493770639,0.013149587
1996.928251,9.374568796,6401066.892,3007485.737,726381.7728,1.127768326,0.478584371,6.774118491,8.306866378,3.645083755,4.458376248,0.010248348
1997.174888,9.842038539,6651121.539,3140883.042,781066.0695,1.228044849,0.51553184,7.061444199,8.722444806,3.878643068,4.747456905,0.010648695
1997.421525,10.43659203,7000943.56,3324034.482,845130.3965,1.366162026,0.563786413,7.453339375,9.245080914,4.186501405,5.089268607,0.011208773
1997.668161,12.33247844,8210837.96,3920026.279,1018754.389,1.690459267,0.686577251,8.765997118,10.91942024,5.034588882,6.079285296,0.013145859
1997.914798,11.95031329,7895972.754,3790890.791,1006811.158,1.712405911,0.685196341,8.454026022,10.57606371,4.964090398,5.954867346,0.012641748
1998.161435,11.33040234,7448802.117,3554015.412,954919.1385,1.638481729,0.658167786,8.01589896,10.02082065,4.783720658,5.674954973,0.011925811
1998.408072,11.00288972,7206920.984,3394627.901,918111.0365,1.576744774,0.642096109,7.804771028,9.723678592,4.719047862,5.522832206,0.011538551
1998.654709,11.77613194,7684516.809,3571604.963,972626.1596,1.67192647,0.69043021,8.375628101,10.39888788,5.130691367,5.923908327,0.012303199
1998.901345,10.42514095,6776958.438,3106482.834,852045.9897,1.466067265,0.614108546,7.434864843,9.198583374,4.614026397,5.255947424,0.010850164
1999.147982,11.68366318,7574396.29,3464370.925,959059.4274,1.649814558,0.694561615,8.342554833,10.30076584,5.220900317,5.919241221,0.012126892
1999.394619,10.88096487,7040049.462,3238862.842,906079.8133,1.557061751,0.654699474,7.771027037,9.585306766,4.889280186,5.549453463,0.011271383
1999.641256,8.839004903,5707396.822,2641335.222,746665.3351,1.281804329,0.538300887,6.314028218,7.780101203,3.994015663,4.538371163,0.009137756
1999.887892,8.871427531,5716647.135,2661485.37,760206.1169,1.303736781,0.546848541,6.338550704,7.802139012,4.031314966,4.585875358,0.009152566
2000.134529,10.3025322,6644125.849,3082624.613,896864.5159,1.55400379,0.647417314,7.366520576,9.047371715,4.749355752,5.382465149,0.010637494
2000.381166,11.06918638,7161712.636,3284303.346,980236.7428,1.731542137,0.713397773,7.92421574,9.700680815,5.214729859,5.864205088,0.01146617
2000.627803,10.9000769,7075751.15,3206078.254,982096.2583,1.767739701,0.72051879,7.812791133,9.53229278,5.248378102,5.856810613,0.011328543
2000.874439,10.85680707,7071681.195,3164623.887,995439.7277,1.824888163,0.736114153,7.791647424,9.473778711,5.34359947,5.917743984,0.011322027
2001.121076,9.674023533,6320033.425,2812735.733,903280.566,1.689934558,0.66368365,6.955662203,8.429388952,4.862190736,5.354103097,0.01011861
2001.367713,10.89615044,7136213.299,3182464.581,1036689.841,1.982777245,0.745697032,7.853662954,9.488003727,5.585651644,6.128281493,0.011425345
2001.61435,8.561613592,5621469.809,2512127.539,830015.5267,1.621451389,0.584464491,6.186420761,7.450145125,4.476293041,4.893520338,0.009000184
2001.860987,7.82942584,5153961.175,2308016.989,773412.895,1.541917911,0.533117262,5.671731358,6.808332759,4.174869,4.54790034,0.008251685
2002.107623,9.418964192,6241102.966,2799319.773,944787.9304,1.904653263,0.644515447,6.871874479,8.179721431,5.107129952,5.50686861,0.00999224
2002.35426,9.981442456,6692434.784,3004591.02,1012289.973,2.040777189,0.693188772,7.378508424,8.649256181,5.483334312,5.799776498,0.010714839
2002.600897,8.672757399,5885445.85,2644802.063,889498.3578,1.793266988,0.611431041,6.497371122,7.498262987,4.82823236,5.007138594,0.009422819
2002.847534,9.333942581,6412399.635,2884360.485,968341.4472,1.95225953,0.668182094,7.088528805,8.051056777,5.267212272,5.353084598,0.010266492
2003.09417,9.367299556,6485945.085,2927186.003,977850.1098,1.988629971,0.683245487,7.203069358,8.064812921,5.362423946,5.394678682,0.010384241
2003.340807,7.827026728,5421231.112,2464308.279,814916.6769,1.695137523,0.58460217,6.080793758,6.732068052,4.549521846,4.607269238,0.008679594
2003.587444,10.00878969,6934676.224,3175029.144,1039304.513,2.210887873,0.765244222,7.85598644,8.600043185,5.906542596,6.020133249,0.011102676
2003.834081,9.727421408,6741975.445,3109120.461,1007372.156,2.191146879,0.761080469,7.71379821,8.349870007,5.827658354,5.977045007,0.010794155
2004.080717,7.344750315,5081034.37,2345925.854,767752.1208,1.667265137,0.581917965,5.862988412,6.298529655,4.458832024,4.59924311,0.008134926
2004.327354,6.894278203,4738630.653,2162921.984,745194.2383,1.539423418,0.541557596,5.498700361,5.907077388,4.225678,4.379522181,0.007586725
