general_total_biomass,general_total_catch,general_exploitation_rate,biomass_relative_to_msy,harvest_relative_to_preferred_rate,biomass_relative_to_preferred_management_rate,harvest_rate_relative_to_management_target,total_biomass,spawning_stock_biomass,total_number,recruits,total_catch,total_landings,recreational_catch,fishing_mortality,exploitation_rate,total_biomass_relative_to_msy,spawning_stock_relative_to_msy,number_relative_to_msy,fishing_mortality_relative_to_msy,exploitation_rate_relative_to_msy,catch_relative_to_msy,catch_relative_to_mean_catch,total_biomass_relative_to_management_target,spawning_stock_relative_to_management_target,number_relative_to_management_target,fishing_mortality_relative_to_management_target,exploitation_rate_relative_to_management_target,catch_corresponding_to_total_allowable_advised,total_allowable_catch,scientific_advice_for_catch_limit,survey_biomass,catch_per_unit_effort,fishing_effort,Entity,Year,biomass_relative_to-preferred_management_rate
1140000,,,2.72,0.112,,0.112,1140000,,,,,,,0.0105,,2.72,1.9,,0.112,,,,1.895245,,,0.166667,,,,,,,,Albacore tuna Northern Atlantic,1930,2.72
1130000,,,2.69,0.157,,0.157,1130000,,,,,,,0.0152,,2.69,1.89,,0.157,,,,1.881461,,,0.22619,,,,,,,,Albacore tuna Northern Atlantic,1931,2.69
1110000,,,2.65,0.131,,0.131,1110000,,,,,,,0.0117,,2.65,1.87,,0.131,,,,1.869975,,,0.190476,,,,,,,,Albacore tuna Northern Atlantic,1932,2.65
1100000,,,2.63,0.118,,0.118,1100000,,,,,,,0.0108,,2.63,1.87,,0.118,,,,1.863083,,,0.166667,,,,,,,,Albacore tuna Northern Atlantic,1933,2.63
1090000,,,2.61,0.196,,0.196,1090000,,,,,,,0.0169,,2.61,1.86,,0.196,,,,1.849299,,,0.27381,,,,,,,,Albacore tuna Northern Atlantic,1934,2.61
1080000,,,2.57,0.219,,0.219,1080000,,,,,,,0.0201,,2.57,1.84,,0.219,,,,1.828624,,,0.309524,,,,,,,,Albacore tuna Northern Atlantic,1935,2.57
1070000,,,2.53,0.179,,0.179,1070000,,,,,,,0.0155,,2.53,1.82,,0.179,,,,1.812543,,,0.25,,,,,,,,Albacore tuna Northern Atlantic,1936,2.53
1060000,,,2.51,0.146,,0.146,1060000,,,,,,,0.0126,,2.51,1.81,,0.146,,,,1.807949,,,0.202381,,,,,,,,Albacore tuna Northern Atlantic,1937,2.51
1050000,,,2.49,0.158,,0.158,1050000,,,,,,,0.0146,,2.49,1.81,,0.158,,,,1.805651,,,0.22619,,,,,,,,Albacore tuna Northern Atlantic,1938,2.49
1040000,,,2.48,0.187,,0.187,1040000,,,,,,,0.0172,,2.48,1.8,,0.187,,,,1.798759,,,0.261905,,,,,,,,Albacore tuna Northern Atlantic,1939,2.48
1040000,,,2.46,0.127,,0.127,1040000,,,,,,,0.0105,,2.46,1.79,,0.127,,,,1.796462,,,0.178571,,,,,,,,Albacore tuna Northern Atlantic,1940,2.46
1030000,,,2.45,0.146,,0.146,1030000,,,,,,,0.014,,2.45,1.8,,0.146,,,,1.798759,,,0.202381,,,,,,,,Albacore tuna Northern Atlantic,1941,2.45
1030000,,,2.44,0.186,,0.186,1030000,,,,,,,0.0169,,2.44,1.8,,0.186,,,,1.794165,,,0.261905,,,,,,,,Albacore tuna Northern Atlantic,1942,2.44
1020000,,,2.43,0.187,,0.187,1020000,,,,,,,0.0169,,2.43,1.79,,0.187,,,,1.787273,,,0.261905,,,,,,,,Albacore tuna Northern Atlantic,1943,2.43
1010000,,,2.41,0.191,,0.191,1010000,,,,,,,0.0169,,2.41,1.78,,0.191,,,,1.780381,,,0.261905,,,,,,,,Albacore tuna Northern Atlantic,1944,2.41
1000000,,,2.4,0.312,,0.312,1000000,,,,,,,0.0283,,2.4,1.78,,0.312,,,,1.7643,,,0.428571,,,,,,,,Albacore tuna Northern Atlantic,1945,2.4
987000,,,2.36,0.268,,0.268,987000,,,,,,,0.0245,,2.36,1.75,,0.268,,,,1.741328,,,0.369048,,,,,,,,Albacore tuna Northern Atlantic,1946,2.36
977000,,,2.33,0.236,,0.236,977000,,,,,,,0.0213,,2.33,1.73,,0.236,,,,1.729841,,,0.321429,,,,,,,,Albacore tuna Northern Atlantic,1947,2.33
966000,,,2.31,0.282,,0.282,966000,,,,,,,0.0257,,2.31,1.73,,0.282,,,,1.718355,,,0.380952,,,,,,,,Albacore tuna Northern Atlantic,1948,2.31
956000,,,2.29,0.33,,0.33,956000,,,,,,,0.0307,,2.29,1.71,,0.33,,,,1.702274,,,0.452381,,,,,,,,Albacore tuna Northern Atlantic,1949,2.29
943000,,,2.26,0.475,,0.475,943000,,,,39600,,,0.0409,,2.26,1.69,,0.475,0.647848,1.080491,,1.667815,,,0.654762,,,,,,,,Albacore tuna Northern Atlantic,1950,2.26
923000,34100,0.036945,2.2,0.421,,0.421,923000,,,,34100,34100,,0.0359,0.036945,2.2,1.65,,0.421,0.569639,0.930423,0.880723,1.633356,,,0.571429,,,,,,,,Albacore tuna Northern Atlantic,1951,2.2
902000,32400,0.03592,2.16,0.407,,0.407,902000,,,,32400,32400,,0.035,0.03592,2.16,1.62,,0.407,0.549745,0.884038,0.836816,1.608086,,,0.547619,,,,,,,,Albacore tuna Northern Atlantic,1952,2.16
887000,30100,0.033935,2.12,0.384,,0.384,887000,,,,30100,30100,,0.0336,0.033935,2.12,1.6,,0.384,0.516625,0.821282,0.777413,1.589708,,,0.511905,,,,,,,,Albacore tuna Northern Atlantic,1953,2.12
873000,40000,0.045819,2.1,0.516,,0.516,873000,,,,40000,40000,,0.0464,0.045819,2.1,1.58,,0.516,0.697634,1.091405,1.033106,1.564438,,,0.702381,,,,,,,,Albacore tuna Northern Atlantic,1954,2.1
861000,31400,0.036469,2.05,0.415,,0.415,861000,,,,31400,31400,,0.0368,0.036469,2.05,1.55,,0.415,0.555804,0.856753,0.810988,1.541466,,,0.559524,,,,,,,,Albacore tuna Northern Atlantic,1955,2.05
842000,40900,0.048575,2.03,0.547,,0.547,842000,,,,40900,40900,,0.0491,0.048575,2.03,1.54,,0.547,0.734914,1.115962,1.056351,1.518493,,,0.738095,,,,,,,,Albacore tuna Northern Atlantic,1956,2.03
821000,42100,0.051279,1.98,0.577,,0.577,821000,,,,42100,42100,,0.0514,0.051279,1.98,1.5,,0.577,0.772845,1.148704,1.087344,1.486331,,,0.77381,,,,,,,,Albacore tuna Northern Atlantic,1957,1.98
809000,52400,0.064771,1.94,0.735,,0.735,809000,,,,52400,52400,,0.0651,0.064771,1.94,1.47,,0.735,0.991029,1.429741,1.353369,1.442683,,,0.988095,,,,,,,,Albacore tuna Northern Atlantic,1958,1.94
784000,49900,0.063648,1.87,0.725,,0.725,784000,,,,49900,49900,,0.0625,0.063648,1.87,1.42,,0.725,0.974791,1.361528,1.2888,1.396738,,,0.97619,,,,,,,,Albacore tuna Northern Atlantic,1959,1.87
755000,52900,0.070066,1.81,0.793,,0.793,755000,,,,52900,52900,,0.0692,0.070066,1.81,1.37,,0.793,1.068546,1.443383,1.366283,1.350793,,,1.071429,,,,,,,,Albacore tuna Northern Atlantic,1960,1.81
737000,42700,0.057938,1.75,0.663,,0.663,737000,,,,42700,42700,,0.0599,0.057938,1.75,1.33,,0.663,0.885091,1.165075,1.102841,1.316334,,,0.892857,,,,,,,,Albacore tuna Northern Atlantic,1961,1.75
716000,58800,0.082123,1.72,0.931,,0.931,716000,,,,58800,58800,,0.0818,0.082123,1.72,1.3,,0.931,1.258343,1.604366,1.518666,1.274983,,,1.261905,,,,,,,,Albacore tuna Northern Atlantic,1962,1.72
696000,60300,0.086638,1.65,0.996,,0.996,696000,,,,60300,60300,,0.0888,0.086638,1.65,1.25,,0.996,1.351314,1.645293,1.557408,1.217551,,,1.357143,,,,,,,,Albacore tuna Northern Atlantic,1963,1.65
651000,64600,0.099232,1.57,1.11,,1.11,651000,,,,64600,64600,,0.0981,0.099232,1.57,1.19,,1.11,1.525384,1.762619,1.668467,1.155525,,,1.52381,,,,,,,,Albacore tuna Northern Atlantic,1964,1.57
630000,60700,0.096349,1.5,1.1,,1.1,630000,,,,60700,60700,,0.0964,0.096349,1.5,1.12,,1.1,1.514595,1.656207,1.567739,1.093499,,,1.511905,,,,,,,,Albacore tuna Northern Atlantic,1965,1.5
591000,47400,0.080203,1.43,0.898,,0.898,591000,,,,47400,47400,,0.0788,0.080203,1.43,1.07,,0.898,1.22387,1.293315,1.224231,1.056742,,,1.178571,,,,,,,,Albacore tuna Northern Atlantic,1966,1.43
572000,59100,0.103322,1.4,1.15,,1.15,572000,,,,59100,59100,,0.1,0.103322,1.4,1.05,,1.15,1.573864,1.612551,1.526415,1.024581,,,1.47619,,,,,,,,Albacore tuna Northern Atlantic,1967,1.4
562000,45200,0.080427,1.34,0.914,,0.914,562000,,,,45200,45200,,0.0797,0.080427,1.34,1,,0.914,1.236982,1.233288,1.16741,0.997014,,,1.190476,,,,,,,,Albacore tuna Northern Atlantic,1968,1.34
547000,46700,0.085375,1.31,0.963,,0.963,547000,,,,46700,46700,,0.0829,0.085375,1.31,0.989,,0.963,1.292928,1.274216,1.206152,0.985527,,,1.107143,,,,,,,,Albacore tuna Northern Atlantic,1969,1.31
535000,45900,0.085794,1.29,0.965,,0.965,535000,,,,45900,45900,,0.0829,0.085794,1.29,0.981,,0.965,1.282739,1.252387,1.18549,0.976338,,,1.142857,,,,,,,,Albacore tuna Northern Atlantic,1970,1.29
521000,56800,0.109021,1.26,1.22,,1.22,521000,,,,56800,56800,,0.105,0.109021,1.26,0.971,,1.22,1.617808,1.549795,1.467011,0.95796,,,1.404762,,,,,,,,Albacore tuna Northern Atlantic,1971,1.26
498000,48800,0.097992,1.21,1.09,,1.09,498000,,,,48800,48800,,0.0952,0.097992,1.21,0.943,,1.09,1.420608,1.331514,1.26039,0.937285,,,1.178571,,,,,,,,Albacore tuna Northern Atlantic,1972,1.21
487000,45700,0.09384,1.18,1.05,,1.05,487000,,,,45700,45700,,0.0902,0.09384,1.18,0.933,,1.05,1.340219,1.24693,1.180324,0.930393,,,1.130952,,,,,,,,Albacore tuna Northern Atlantic,1973,1.18
483000,49600,0.102692,1.16,1.16,,1.16,483000,,,,49600,49600,,0.1,0.102692,1.16,0.929,,1.16,1.476466,1.353342,1.281052,0.916609,,,1.392857,,,,,,,,Albacore tuna Northern Atlantic,1974,1.16
473000,41900,0.088584,1.13,1,,1,473000,,,,41900,41900,,0.0888,0.088584,1.13,0.905,,1,1.266299,1.143247,1.082179,0.902826,,,1.178571,,,,,,,,Albacore tuna Northern Atlantic,1975,1.13
460000,57200,0.124348,1.12,1.39,,1.39,460000,,,,57200,57200,,0.12,0.124348,1.12,0.9,,1.39,1.76921,1.560709,1.477342,0.88215,,,1.571429,,,,,,,,Albacore tuna Northern Atlantic,1976,1.12
442000,54000,0.122172,1.07,1.37,,1.37,442000,,,,54000,54000,,0.119,0.122172,1.07,0.867,,1.37,1.728759,1.473397,1.394694,0.852286,,,1.535714,,,,,,,,Albacore tuna Northern Atlantic,1977,1.07
427000,50100,0.11733,1.03,1.32,,1.32,427000,,,,50100,50100,,0.114,0.11733,1.03,0.839,,1.32,1.652913,1.366985,1.293966,0.827016,,,1.535714,,,,,,,,Albacore tuna Northern Atlantic,1978,1.03
413000,51400,0.124455,0.997,1.4,,1.4,413000,,,,51400,51400,,0.121,0.124455,0.997,0.814,,1.4,1.754279,1.402456,1.327542,0.799449,,,1.642857,,,,,,,,Albacore tuna Northern Atlantic,1979,0.997
396000,38700,0.097727,0.963,1.09,,1.09,396000,,,,38700,38700,,0.0928,0.097727,0.963,0.785,,1.09,1.351907,1.055935,0.99953,0.781071,,,1.321429,,,,,,,,Albacore tuna Northern Atlantic,1980,0.963
392000,34500,0.08801,0.96,0.976,,0.976,392000,,,,34500,34500,,0.0853,0.08801,0.96,0.779,,0.976,1.208743,0.941337,0.891054,0.778773,,,1.190476,,,,,,,,Albacore tuna Northern Atlantic,1981,0.96
398000,42700,0.107286,0.967,1.2,,1.2,398000,,,,42700,42700,,0.105,0.107286,0.967,0.781,,1.2,1.509396,1.165075,1.102841,0.771881,,,1.47619,,,,,,,,Albacore tuna Northern Atlantic,1982,0.967
389000,51500,0.132391,0.954,1.47,,1.47,389000,,,,51500,51500,,0.127,0.132391,0.954,0.765,,1.47,1.887891,1.405184,1.330124,0.744314,,,1.892857,,,,,,,,Albacore tuna Northern Atlantic,1983,0.954
371000,41800,0.112668,0.919,1.24,,1.24,371000,,,,41800,41800,,0.107,0.112668,0.919,0.725,,1.24,1.591243,1.140518,1.079596,0.716747,,,1.571429,,,,,,,,Albacore tuna Northern Atlantic,1984,0.919
370000,40800,0.11027,0.907,1.22,,1.22,370000,,,,40800,40800,,0.105,0.11027,0.907,0.709,,1.22,1.588821,1.113233,1.053768,0.700666,,,1.559524,,,,,,,,Albacore tuna Northern Atlantic,1985,0.907
360000,47600,0.132222,0.897,1.44,,1.44,360000,,,,47600,47600,,0.122,0.132222,0.897,0.693,,1.44,1.916459,1.298772,1.229397,0.677694,,,1.892857,,,,,,,,Albacore tuna Northern Atlantic,1986,0.897
360000,38100,0.105833,0.871,1.19,,1.19,360000,,,,38100,38100,,0.0996,0.105833,0.871,0.661,,1.19,1.587796,1.039563,0.984034,0.654721,,,1.607143,,,,,,,,Albacore tuna Northern Atlantic,1987,0.871
355000,33100,0.093239,0.865,1.04,,1.04,355000,,,,33100,33100,,0.0899,0.093239,0.865,0.647,,1.04,1.39906,0.903138,0.854896,0.645532,,,1.416667,,,,,,,,Albacore tuna Northern Atlantic,1988,0.865
357000,32100,0.089916,0.872,0.998,,0.998,357000,,,,32100,32100,,0.0853,0.089916,0.872,0.644,,0.998,1.361638,0.875853,0.829068,0.643235,,,1.369048,,,,,,,,Albacore tuna Northern Atlantic,1989,0.872
363000,36900,0.101653,0.883,1.14,,1.14,363000,,,,36900,36900,,0.0958,0.101653,0.883,0.644,,1.14,1.5822,1.006821,0.953041,0.636343,,,1.654762,,,,,,,,Albacore tuna Northern Atlantic,1990,0.883
363000,27900,0.07686,0.884,0.861,,0.861,363000,,,,27900,27900,,0.0739,0.07686,0.884,0.628,,0.861,1.204998,0.761255,0.720592,0.631748,,,1.22619,,,,,,,,Albacore tuna Northern Atlantic,1991,0.884
373000,30900,0.082842,0.906,0.926,,0.926,373000,,,,30900,30900,,0.0797,0.082842,0.906,0.636,,0.926,1.324931,0.843111,0.798075,0.636343,,,1.345238,,,,,,,,Albacore tuna Northern Atlantic,1992,0.906
375000,38100,0.1016,0.918,1.13,,1.13,375000,,,,38100,38100,,0.0969,0.1016,0.918,0.637,,1.13,1.65154,1.039563,0.984034,0.629451,,,1.678571,,,,,,,,Albacore tuna Northern Atlantic,1993,0.918
374000,35200,0.094118,0.916,1.04,,1.04,374000,,,,35200,35200,,0.0873,0.094118,0.916,0.621,,1.04,1.559993,0.960437,0.909134,0.615667,,,1.583333,,,,,,,,Albacore tuna Northern Atlantic,1994,0.916
378000,38400,0.101587,0.921,1.14,,1.14,378000,,,,38400,38400,,0.0975,0.101587,0.921,0.611,,1.14,1.740783,1.047749,0.991782,0.601884,,,1.75,,,,,,,,Albacore tuna Northern Atlantic,1995,0.921
384000,28800,0.075,0.917,0.858,,0.858,384000,,,,28800,28800,,0.0736,0.075,0.917,0.593,,0.858,1.32071,0.785812,0.743837,0.594992,,,1.357143,,,,,,,,Albacore tuna Northern Atlantic,1996,0.917
386000,29000,0.07513,0.932,0.85,,0.85,386000,,,,29000,29000,,0.0721,0.07513,0.932,0.596,,0.85,1.324767,0.791269,0.749002,0.597289,,,1.369048,,,,,,,,Albacore tuna Northern Atlantic,1997,0.932
396000,25700,0.064899,0.95,0.74,,0.74,396000,,,,25700,25700,,0.0622,0.064899,0.95,0.598,,0.74,1.165055,0.701228,0.663771,0.601884,,,1.214286,,,,,,,,Albacore tuna Northern Atlantic,1998,0.95
410000,34600,0.08439,0.978,0.969,,0.969,410000,,,,34600,34600,,0.0818,0.08439,0.978,0.608,,0.969,1.568518,0.944065,0.893637,0.601884,,,1.595238,,,,,,,,Albacore tuna Northern Atlantic,1999,0.978
410000,33100,0.080732,0.983,0.925,,0.925,410000,,,,33100,33100,,0.075,0.080732,0.983,0.598,,0.925,1.517899,0.903138,0.854896,0.594992,,,1.571429,,,,,,,,Albacore tuna Northern Atlantic,2000,0.983
409000,26300,0.064303,0.992,0.728,,0.728,409000,,,,26300,26300,,0.059,0.064303,0.992,0.59,,0.728,1.206065,0.717599,0.679267,0.594992,,,1.238095,,,34500,,,,,Albacore tuna Northern Atlantic,2001,0.992
425000,22700,0.053412,1.02,0.615,,0.615,425000,,,,22700,22700,,0.0505,0.053412,1.02,0.598,,0.615,1.021261,0.619372,0.586288,0.606478,,,1.047619,,,34500,,,,,Albacore tuna Northern Atlantic,2002,1.02
437000,25600,0.058581,1.05,0.67,,0.67,437000,,,,25600,25600,,0.0578,0.058581,1.05,0.616,,0.67,1.121981,0.698499,0.661188,0.622559,,,1.166667,,,34500,,,,,Albacore tuna Northern Atlantic,2003,1.05
449000,26000,0.057906,1.07,0.663,,0.663,449000,,,,26000,26000,,0.0549,0.057906,1.07,0.627,,0.663,1.122937,0.709413,0.671519,0.631748,,,1.166667,,,34500,,,,,Albacore tuna Northern Atlantic,2004,1.07
463000,35300,0.076242,1.09,0.881,,0.881,463000,,,,35300,35300,,0.0756,0.076242,1.09,0.638,,0.881,1.519079,0.963165,0.911716,0.634045,,,1.559524,,,34500,,,,,Albacore tuna Northern Atlantic,2005,1.09
461000,37000,0.08026,1.1,0.92,,0.92,461000,,,,37000,37000,,0.0777,0.08026,1.1,0.628,,0.92,1.627619,1.00955,0.955623,0.620262,,,1.666667,,,34500,,,,,Albacore tuna Northern Atlantic,2006,1.1
461000,22000,0.047722,1.1,0.547,,0.547,461000,,,,22000,22000,,0.0453,0.047722,1.1,0.614,,0.547,0.960657,0.600273,0.568208,0.624856,,,0.988095,,,34500,,,,,Albacore tuna Northern Atlantic,2007,1.1
475000,20500,0.043158,1.13,0.493,,0.493,475000,,,,20500,20500,,0.0409,0.043158,1.13,0.634,,0.493,0.863415,0.559345,0.529467,0.647829,,,0.880952,,,30200,,,,,Albacore tuna Northern Atlantic,2008,1.13
497000,15400,0.030986,1.17,0.357,,0.357,497000,,,,15400,15400,,0.0304,0.030986,1.17,0.66,,0.357,0.617936,0.420191,0.397746,0.679991,,,0.642857,,,30200,,,,,Albacore tuna Northern Atlantic,2009,1.17
515000,19500,0.037864,1.22,0.436,,0.436,515000,,,,19500,19500,,0.0368,0.037864,1.22,0.699,,0.436,0.744713,0.53206,0.503639,0.71445,,,0.75,,,28000,,,,,Albacore tuna Northern Atlantic,2010,1.22
529000,20000,0.037807,1.26,0.432,,0.432,529000,,,,20000,20000,,0.0368,0.037807,1.26,0.731,,0.432,0.730906,0.545703,0.516553,0.746612,,,0.75,,,28000,,,,,Albacore tuna Northern Atlantic,2011,1.26
543000,25700,0.04733,1.3,0.538,,0.538,543000,,,,25700,25700,,0.0467,0.04733,1.3,0.763,,0.538,,0.701228,0.663771,,,,,,,28000,,,,,Albacore tuna Northern Atlantic,2012,1.3
549000,24600,0.044809,1.32,0.507,,0.507,549000,,,,24700,24600,,0.042,0.044809,1.32,,,0.507,,0.673943,0.63536,,,,,,,28000,,,,,Albacore tuna Northern Atlantic,2013,1.32
559000,26700,0.047764,1.34,0.538,,0.538,559000,,,,,26700,,0.0447,0.047764,1.34,,,0.538,,,0.689598,,,,,,,28000,,,,,Albacore tuna Northern Atlantic,2014,1.34
569000,25400,0.04464,,,,,569000,,,,,25400,,,0.04464,,,,,,,0.656023,,,,,,,28000,,,,,Albacore tuna Northern Atlantic,2015,
,30100,,,,,,,,,,,30100,,,,,,,,,,0.777413,,,,,,,,,,,,Albacore tuna Northern Atlantic,2016,
,154,,,,,,,,,,,154,,,,,,,,,0.002005,0.003868,,,,,,,,,,,,Albacore tuna South Pacific Ocean,1952,
,803,,,,,,,,,,,803,,,,,,,,,0.010456,0.020166,,,,,,,,,,,,Albacore tuna South Pacific Ocean,1953,
,9580,,,,,,,,,,,9580,,,,,,,,,0.12474,0.24059,,,,,,,,,,,,Albacore tuna South Pacific Ocean,1954,
,8630,,,,,,,,,,,8630,,,,,,,,,0.11237,0.216731,,,,,,,,,,,,Albacore tuna South Pacific Ocean,1955,
,7280,,,,,,,,,,,7280,,,,,,,,,0.094792,0.182828,,,,,,,,,,,,Albacore tuna South Pacific Ocean,1956,
,8760,,,,,,,,,,,8760,,,,,,,,,0.114063,0.219996,,,,,,,,,,,,Albacore tuna South Pacific Ocean,1957,
,18600,,,,,,,,,,,18600,,,,,,,,,0.242188,0.467115,,,,,,,,,,,,Albacore tuna South Pacific Ocean,1958,
,17800,,,,,,,,,,,17800,,,,,,,,,0.231771,0.447024,,,,,,,,,,,,Albacore tuna South Pacific Ocean,1959,
,22300,,6.41,0.056,,0.056,,320000,,6000000,21300,22300,,0.075,,2.54,6.41,,0.056,,0.290365,0.560036,,,,,,,,,,,,Albacore tuna South Pacific Ocean,1960,6.41
,23700,,6.46,0.064,,0.064,,309000,,52700000,25400,23700,,0.086,,2.45,6.46,,0.064,,0.308594,0.595195,,,,,,,,,,,,Albacore tuna South Pacific Ocean,1961,6.46
,35200,,6.58,0.07,,0.07,,299000,,9260000,29700,35200,,0.095,,2.36,6.58,,0.07,,0.458333,0.884003,,,,,,,,,,,,Albacore tuna South Pacific Ocean,1962,6.58
,31100,,6.55,0.064,,0.064,,317000,,31800000,23500,31100,,0.088,,2.51,6.55,,0.064,,0.404948,0.781037,,,,,,,,,,,,Albacore tuna South Pacific Ocean,1963,6.55
,22800,,6.07,0.052,,0.052,,335000,,23100000,19200,22800,,0.071,,2.66,6.07,,0.052,,0.296875,0.572593,,,,,,,,,,,,Albacore tuna South Pacific Ocean,1964,6.07
,25500,,6.34,0.065,,0.065,,356000,,44600000,33600,25500,,0.088,,2.83,6.34,,0.065,,0.332031,0.6404,,,,,,,,,,,,Albacore tuna South Pacific Ocean,1965,6.34
,38700,,6.67,0.101,,0.101,,371000,,11700000,45500,38700,,0.137,,2.98,6.67,,0.101,,0.503906,0.971901,,,,,,,,,,,,Albacore tuna South Pacific Ocean,1966,6.67
,44000,,6.9,0.086,,0.086,,361000,,24600000,43300,44000,,0.117,,2.9,6.9,,0.086,,0.572917,1.105004,,,,,,,,,,,,Albacore tuna South Pacific Ocean,1967,6.9
,32400,,7.22,0.067,,0.067,,338000,,28100000,30700,32400,,0.09,,2.69,7.22,,0.067,,0.421875,0.813685,,,,,,,,,,,,Albacore tuna South Pacific Ocean,1968,7.22
,24800,,7.47,0.057,,0.057,,328000,,10100000,33600,24800,,0.077,,2.59,7.47,,0.057,,0.322917,0.62282,,,,,,,,,,,,Albacore tuna South Pacific Ocean,1969,7.47
,34900,,7.08,0.096,,0.096,,319000,,16000000,39800,34900,,0.13,,2.51,7.08,,0.096,,0.454427,0.876469,,,,,,,,,,,,Albacore tuna South Pacific Ocean,1970,7.08
,38600,,6.44,0.105,,0.105,,298000,,19200000,39700,38600,,0.142,,2.38,6.44,,0.105,,0.502604,0.96939,,,,,,,,,,,,Albacore tuna South Pacific Ocean,1971,6.44
,39500,,6.04,0.116,,0.116,,277000,,20800000,43700,39500,,0.155,,2.24,6.04,,0.116,,0.514323,0.991992,,,,,,,,,,,,Albacore tuna South Pacific Ocean,1972,6.04
,47300,,5.62,0.153,,0.153,,266000,,24300000,43400,47300,,0.208,,2.17,5.62,,0.153,,0.615885,1.187879,,,,,,,,,,,,Albacore tuna South Pacific Ocean,1973,5.62
,34000,,4.95,0.155,,0.155,,247000,,18600000,24700,34000,,0.21,,2.09,4.95,,0.155,,0.442708,0.853867,,,,,,,,,,,,Albacore tuna South Pacific Ocean,1974,4.95
,23600,,4.77,0.08,,0.08,,243000,,14200000,16000,23600,,0.107,,2.04,4.77,,0.08,,0.307292,0.592684,,,,,,,,,,,,Albacore tuna South Pacific Ocean,1975,4.77
,29100,,4.81,0.082,,0.082,,246000,,16200000,30700,29100,,0.11,,2,4.81,,0.082,,0.378906,0.730809,,,,,,,,,,,,Albacore tuna South Pacific Ocean,1976,4.81
,38700,,4.56,0.135,,0.135,,241000,,15200000,39500,38700,,0.181,,2.01,4.56,,0.135,,0.503906,0.971901,,,,,,,,,,,,Albacore tuna South Pacific Ocean,1977,4.56
,34700,,4.4,0.158,,0.158,,229000,,20500000,29500,34700,,0.209,,1.96,4.4,,0.158,,0.451823,0.871446,,,,,,,,,,,,Albacore tuna South Pacific Ocean,1978,4.4
,27100,,4.3,0.126,,0.126,,220000,,13700000,24300,27100,,0.169,,1.89,4.3,,0.126,,0.352865,0.680582,,,,,,,,,,,,Albacore tuna South Pacific Ocean,1979,4.3
,32500,,4.26,0.149,,0.149,,213000,,6840000,37100,32500,,0.2,,1.81,4.26,,0.149,,0.423177,0.816196,,,,,,,,,,,,Albacore tuna South Pacific Ocean,1980,4.26
,34800,,3.8,0.178,,0.178,,198000,,27200000,32200,34800,,0.235,,1.73,3.8,,0.178,,0.453125,0.873958,,,,,,,,,,,,Albacore tuna South Pacific Ocean,1981,3.8
,30800,,3.93,0.128,,0.128,,206000,,11600000,24300,30800,,0.174,,1.68,3.93,,0.128,,0.401042,0.773503,,,,,,,,,,,,Albacore tuna South Pacific Ocean,1982,3.93
,25100,,3.6,0.13,,0.13,,205000,,29000000,28100,25100,,0.174,,1.74,3.6,,0.13,,0.326823,0.630355,,,,,,,,,,,,Albacore tuna South Pacific Ocean,1983,3.6
,24700,,3.28,0.201,,0.201,,202000,,12300000,26000,24700,,0.266,,2.02,3.28,,0.201,,0.321615,0.620309,,,,,,,,,,,,Albacore tuna South Pacific Ocean,1984,3.28
,32300,,3.54,0.156,,0.156,,209000,,13600000,30500,32300,,0.206,,1.96,3.54,,0.156,,0.420573,0.811173,,,,,,,,,,,,Albacore tuna South Pacific Ocean,1985,3.54
,36600,,3.57,0.176,,0.176,,209000,,13200000,28900,36600,,0.239,,1.92,3.57,,0.176,,0.476563,0.919162,,,,,,,,,,,,Albacore tuna South Pacific Ocean,1986,3.57
,25100,,3.57,0.157,,0.157,,198000,,29300000,38300,25100,,0.208,,1.86,3.57,,0.157,,0.326823,0.630355,,,,,,,,,,,,Albacore tuna South Pacific Ocean,1987,3.57
,37900,,3.66,0.299,,0.299,,210000,,28200000,64400,37900,,0.416,,2.07,3.66,,0.299,,0.49349,0.95181,,,,,,,,,,,,Albacore tuna South Pacific Ocean,1988,3.66
,49100,,3.58,0.412,,0.412,,226000,,23600000,36200,49100,,0.616,,2.42,3.58,,0.412,,0.639323,1.233084,,,,,,,,,,,,Albacore tuna South Pacific Ocean,1989,3.58
,36100,,3.26,0.194,,0.194,,219000,,17900000,36600,36100,,0.267,,2.12,3.26,,0.194,,0.470052,0.906606,,,,,,,,,,,,Albacore tuna South Pacific Ocean,1990,3.26
,35600,,3.21,0.214,,0.214,,215000,,15100000,42900,35600,,0.279,,2.15,3.21,,0.214,,0.463542,0.894049,,,,,,,,,,,,Albacore tuna South Pacific Ocean,1991,3.21
,38700,,3.53,0.247,,0.247,,218000,,25600000,39800,38700,,0.331,,2.13,3.53,,0.247,,0.503906,0.971901,,,,,,,,,,,,Albacore tuna South Pacific Ocean,1992,3.53
,35400,,3.54,0.226,,0.226,,214000,,26300000,40700,35400,,0.291,,2.1,3.54,,0.226,,0.460938,0.889026,,,,,,,,,,,,Albacore tuna South Pacific Ocean,1993,3.54
,42300,,3.45,0.27,,0.27,,222000,,25000000,36100,42300,,0.348,,2.15,3.45,,0.27,,0.550781,1.062311,,,,,,,,,,,,Albacore tuna South Pacific Ocean,1994,3.45
,38500,,3.32,0.215,,0.215,,227000,,20100000,41800,38500,,0.269,,2.2,3.32,,0.215,,0.501302,0.966879,,,,,,,,,,,,Albacore tuna South Pacific Ocean,1995,3.32
,34400,,3.53,0.245,,0.245,,234000,,25300000,36400,34400,,0.311,,2.37,3.53,,0.245,,0.447917,0.863912,,,,,,,,,,,,Albacore tuna South Pacific Ocean,1996,3.53
,39500,,3.98,0.211,,0.211,,244000,,19200000,51900,39500,,0.275,,2.27,3.98,,0.211,,0.514323,0.991992,,,,,,,,,,,,Albacore tuna South Pacific Ocean,1997,3.98
,50400,,3.94,0.292,,0.292,,233000,,14100000,41700,50400,,0.371,,2.2,3.94,,0.292,,0.65625,1.265732,,,,,,,,,,,,Albacore tuna South Pacific Ocean,1998,3.94
,39600,,4.03,0.191,,0.191,,231000,,19200000,42800,39600,,0.252,,2.11,4.03,,0.191,,0.515625,0.994504,,,,,,,,,,,,Albacore tuna South Pacific Ocean,1999,4.03
,47300,,3.84,0.244,,0.244,,220000,,14100000,50000,47300,,0.314,,2.11,3.84,,0.244,,0.615885,1.187879,,,,,,,,,,,,Albacore tuna South Pacific Ocean,2000,3.84
,58300,,3.63,0.327,,0.327,,206000,,25500000,71300,58300,,0.415,,1.91,3.63,,0.327,,0.759115,1.46413,,,,,,,,,,,,Albacore tuna South Pacific Ocean,2001,3.63
,73200,,3.33,0.465,,0.465,,196000,,30600000,70100,73200,,0.599,,1.76,3.33,,0.465,,0.953125,1.838325,,,,,,,,,,,,Albacore tuna South Pacific Ocean,2002,3.33
,62500,,2.82,0.409,,0.409,,196000,,24900000,63600,62500,,0.519,,1.78,2.82,,0.409,,0.813802,1.569608,,,,,,,,,,,,Albacore tuna South Pacific Ocean,2003,2.82
,61900,,2.65,0.399,,0.399,,212000,,20100000,70100,61900,,0.514,,1.85,2.65,,0.399,,0.80599,1.55454,,,,,,,,,,,,Albacore tuna South Pacific Ocean,2004,2.65
,63600,,2.86,0.363,,0.363,,219000,,19500000,67800,63600,,0.48,,1.87,2.86,,0.363,,0.828125,1.597233,,,,,,,,,,,,Albacore tuna South Pacific Ocean,2005,2.86
,62400,,3.03,0.343,,0.343,,209000,,23700000,61500,62400,,0.436,,1.81,3.03,,0.343,,0.8125,1.567097,,,,,,,,,,,,Albacore tuna South Pacific Ocean,2006,3.03
,58600,,3.15,0.273,,0.273,,208000,,31700000,58400,58600,,0.347,,1.79,3.15,,0.273,,0.763021,1.471664,,,,,,,,,,,,Albacore tuna South Pacific Ocean,2007,3.15
,62700,,3.06,0.311,,0.311,,213000,,16700000,71500,62700,,0.389,,1.86,3.06,,0.311,,0.816406,1.574631,,,,,,,,,,,,Albacore tuna South Pacific Ocean,2008,3.06
,82900,,3.2,0.384,,0.384,,222000,,30800000,102000,82900,,0.501,,1.81,3.2,,0.384,,1.079427,2.081928,,,,,,,,,,,,Albacore tuna South Pacific Ocean,2009,3.2
,87300,,2.91,0.425,,0.425,,212000,,18600000,88500,87300,,0.547,,1.79,2.91,,0.425,,1.136719,2.192428,,,,,,,,,,,,Albacore tuna South Pacific Ocean,2010,2.91
,65900,,2.9,0.344,,0.344,,206000,,11300000,,65900,,0.437,,1.81,2.9,,0.344,,0.858073,1.654995,,,,,,,,,,,,Albacore tuna South Pacific Ocean,2011,2.9
,88000,,3.03,0.406,,0.406,,200000,,24400000,,88000,,0.523,,1.67,3.03,,0.406,,1.145833,2.210008,,,,,,,,,,,,Albacore tuna South Pacific Ocean,2012,3.03
,84800,,2.86,0.47,,0.47,,176000,,6410000,,84800,,0.613,,1.49,2.86,,0.47,,1.104167,2.129644,,,,,,,,,,,,Albacore tuna South Pacific Ocean,2013,2.86
,81700,,,,,,,,,,,81700,,,,,,,,,1.063802,2.051792,,,,,,,,,,,,Albacore tuna South Pacific Ocean,2014,
,68300,,,,,,,,,,,68300,,,,,,,,,0.889323,1.715268,,,,,,,,,,,,Albacore tuna South Pacific Ocean,2015,
,18900,,,,,,,,,,,18900,,,,,,,,,,0.210021,,,,,,,,,,,,Bigeye tuna Central Western Pacific Ocean,1950,
,14600,,,,,,,,,,,14600,,,,,,,,,,0.162239,,,,,,,,,,,,Bigeye tuna Central Western Pacific Ocean,1951,
3260000,27500,0.008436,4.32,0.0341,,0.0341,3260000,2270000,,18400000,33900,27500,,0.02,0.008436,3.25,4.32,,0.0341,0.138331,0.312385,0.305586,,,,,,,,,,,,Bigeye tuna Central Western Pacific Ocean,1952,4.32
3300000,26000,0.007879,4.38,0.0322,,0.0322,3300000,2300000,,13600000,31800,26000,,0.02,0.007879,3.3,4.38,,0.0322,0.131376,0.293034,0.288918,,,,,,,,,,,,Bigeye tuna Central Western Pacific Ocean,1953,4.38
3400000,18700,0.0055,4.43,0.0244,,0.0244,3400000,2330000,,20200000,21500,18700,,0.01,0.0055,3.33,4.43,,0.0244,0.089258,0.19812,0.207799,,,,,,,,,,,,Bigeye tuna Central Western Pacific Ocean,1954,4.43
3540000,29000,0.008192,4.5,0.0353,,0.0353,3540000,2370000,,8610000,33900,29000,,0.02,0.008192,3.4,4.5,,0.0353,0.145672,0.312385,0.322255,,,,,,,,,,,,Bigeye tuna Central Western Pacific Ocean,1955,4.5
3540000,33700,0.00952,4.69,0.0391,,0.0391,3540000,2470000,,16600000,37000,33700,,0.02,0.00952,3.5,4.69,,0.0391,0.153014,0.340951,0.374482,,,,,,,,,,,,Bigeye tuna Central Western Pacific Ocean,1956,4.69
3380000,40700,0.012041,4.86,0.0535,,0.0535,3380000,2560000,,11100000,49600,40700,,0.03,0.012041,3.49,4.86,,0.0535,0.193586,0.457059,0.452268,,,,,,,,,,,,Bigeye tuna Central Western Pacific Ocean,1957,4.86
3140000,50200,0.015987,4.57,0.0736,,0.0736,3140000,2410000,,15000000,69100,50200,,0.04,0.015987,3.31,4.57,,0.0736,0.27898,0.636749,0.557834,,,,,,,,,,,,Bigeye tuna Central Western Pacific Ocean,1958,4.57
2870000,42800,0.014913,4.16,0.0678,,0.0678,2870000,2190000,,12400000,60400,42800,,0.03,0.014913,3.11,4.16,,0.0678,0.276662,0.556579,0.475604,,,,,,,,,,,,Bigeye tuna Central Western Pacific Ocean,1959,4.16
2670000,45000,0.016854,3.79,0.0756,,0.0756,2670000,1990000,,11900000,63300,45000,,0.04,0.016854,2.96,3.79,,0.0756,0.312597,0.583303,0.500051,,,,,,,,,,,,Bigeye tuna Central Western Pacific Ocean,1960,3.79
2480000,39400,0.015887,3.41,0.0736,,0.0736,2480000,1800000,,10100000,57400,39400,,0.04,0.015887,2.81,3.41,,0.0736,0.324575,0.528935,0.437822,,,,,,,,,,,,Bigeye tuna Central Western Pacific Ocean,1961,3.41
2360000,36900,0.015636,3.23,0.069,,0.069,2360000,1700000,,17200000,55200,36900,,0.03,0.015636,2.71,3.23,,0.069,0.325348,0.508662,0.410041,,,,,,,,,,,,Bigeye tuna Central Western Pacific Ocean,1962,3.23
2250000,44300,0.019689,3.07,0.0857,,0.0857,2250000,1620000,,8870000,63500,44300,,0.04,0.019689,2.64,3.07,,0.0857,0.405719,0.585146,0.492272,,,,,,,,,,,,Bigeye tuna Central Western Pacific Ocean,1963,3.07
2180000,32400,0.014862,2.94,0.0632,,0.0632,2180000,1550000,,11100000,45200,32400,,0.03,0.014862,2.55,2.94,,0.0632,0.302937,0.416513,0.360036,,,,,,,,,,,,Bigeye tuna Central Western Pacific Ocean,1964,2.94
2120000,31300,0.014764,2.89,0.0632,,0.0632,2120000,1520000,,15500000,42500,31300,,0.03,0.014764,2.5,2.89,,0.0632,0.304869,0.391633,0.347813,,,,,,,,,,,,Bigeye tuna Central Western Pacific Ocean,1965,2.89
2070000,33200,0.016039,2.8,0.0659,,0.0659,2070000,1480000,,8810000,45600,33200,,0.03,0.016039,2.43,2.8,,0.0659,0.337713,0.420199,0.368926,,,,,,,,,,,,Bigeye tuna Central Western Pacific Ocean,1966,2.8
2030000,36700,0.018079,2.71,0.0767,,0.0767,2030000,1430000,,10800000,47700,36700,,0.04,0.018079,2.38,2.71,,0.0767,0.346986,0.43955,0.407819,,,,,,,,,,,,Bigeye tuna Central Western Pacific Ocean,1967,2.71
1990000,30400,0.015276,2.68,0.0601,,0.0601,1990000,1410000,,11800000,37400,30400,,0.03,0.015276,2.31,2.68,,0.0601,0.277434,0.344637,0.337812,,,,,,,,,,,,Bigeye tuna Central Western Pacific Ocean,1968,2.68
1950000,34400,0.017641,2.66,0.0702,,0.0702,1950000,1400000,,12300000,45300,34400,,0.04,0.017641,2.2,2.66,,0.0702,0.34119,0.417435,0.382261,,,,,,,,,,,,Bigeye tuna Central Western Pacific Ocean,1969,2.66
1940000,40100,0.02067,2.58,0.0942,,0.0942,1940000,1360000,,9720000,42400,40100,,0.05,0.02067,2.16,2.58,,0.0942,0.331144,0.390711,0.445601,,,,,,,,,,,,Bigeye tuna Central Western Pacific Ocean,1970,2.58
1880000,43200,0.022979,2.56,0.0992,,0.0992,1880000,1350000,,19100000,42700,43200,,0.05,0.022979,2.06,2.56,,0.0992,0.343509,0.393476,0.480048,,,,,,,,,,,,Bigeye tuna Central Western Pacific Ocean,1971,2.56
1840000,57200,0.031087,2.54,0.116,,0.116,1840000,1340000,,12100000,57600,57200,,0.06,0.031087,1.91,2.54,,0.116,0.471406,0.530778,0.63562,,,,,,,,,,,,Bigeye tuna Central Western Pacific Ocean,1972,2.54
1810000,48900,0.027017,2.37,0.105,,0.105,1810000,1250000,,15200000,48500,48900,,0.05,0.027017,1.76,2.37,,0.105,0.428903,0.446922,0.543388,,,,,,,,,,,,Bigeye tuna Central Western Pacific Ocean,1973,2.37
1810000,52800,0.029171,2.35,0.128,,0.128,1810000,1240000,,7820000,52300,52800,,0.06,0.029171,1.61,2.35,,0.128,0.467543,0.481939,0.586726,,,,,,,,,,,,Bigeye tuna Central Western Pacific Ocean,1974,2.35
1850000,69400,0.037514,2.36,0.136,,0.136,1850000,1240000,,10800000,64000,69400,,0.07,0.037514,1.48,2.36,,0.136,0.583462,0.589753,0.771189,,,,,,,,,,,,Bigeye tuna Central Western Pacific Ocean,1975,2.36
1910000,82800,0.043351,2.32,0.137,,0.137,1910000,1220000,,12100000,67900,82800,,0.07,0.043351,1.45,2.32,,0.137,0.595054,0.625691,0.920093,,,,,,,,,,,,Bigeye tuna Central Western Pacific Ocean,1976,2.32
1920000,83300,0.043385,2.48,0.173,,0.173,1920000,1310000,,13500000,74600,83300,,0.09,0.043385,1.45,2.48,,0.173,0.614374,0.687431,0.925649,,,,,,,,,,,,Bigeye tuna Central Western Pacific Ocean,1977,2.48
1860000,66500,0.035753,2.56,0.15,,0.15,1860000,1350000,,14500000,60900,66500,,0.08,0.035753,1.45,2.56,,0.15,0.502318,0.561187,0.738964,,,,,,,,,,,,Bigeye tuna Central Western Pacific Ocean,1978,2.56
1740000,73600,0.042299,2.51,0.196,,0.196,1740000,1320000,,12600000,74400,73600,,0.1,0.042299,1.43,2.51,,0.196,0.637558,0.685588,0.81786,,,,,,,,,,,,Bigeye tuna Central Western Pacific Ocean,1979,2.51
1660000,72300,0.043554,2.3,0.184,,0.184,1660000,1210000,,11200000,70700,72300,,0.09,0.043554,1.35,2.3,,0.184,0.62983,0.651493,0.803414,,,,,,,,,,,,Bigeye tuna Central Western Pacific Ocean,1980,2.3
1630000,64100,0.039325,2.07,0.183,,0.183,1630000,1090000,,16200000,62500,64100,,0.09,0.039325,1.34,2.07,,0.183,0.55255,0.575931,0.712294,,,,,,,,,,,,Bigeye tuna Central Western Pacific Ocean,1981,2.07
1700000,71900,0.042294,2.06,0.198,,0.198,1700000,1080000,,10400000,72900,71900,,0.1,0.042294,1.33,2.06,,0.198,0.579598,0.671766,0.79897,,,,,,,,,,,,Bigeye tuna Central Western Pacific Ocean,1982,2.06
1770000,77400,0.043729,2.15,0.233,,0.233,1770000,1130000,,16900000,76600,77400,,0.12,0.043729,1.36,2.15,,0.233,0.525502,0.705861,0.860087,,,,,,,,,,,,Bigeye tuna Central Western Pacific Ocean,1983,2.15
1760000,85800,0.04875,2.32,0.247,,0.247,1760000,1220000,,15500000,82800,85800,,0.12,0.04875,1.38,2.32,,0.247,0.57187,0.762993,0.95343,,,,,,,,,,,,Bigeye tuna Central Western Pacific Ocean,1984,2.32
1740000,88400,0.050805,2.34,0.255,,0.255,1740000,1230000,,15700000,89600,88400,,0.13,0.050805,1.34,2.34,,0.255,0.672334,0.825654,0.982321,,,,,,,,,,,,Bigeye tuna Central Western Pacific Ocean,1985,2.34
1750000,93600,0.053486,2.22,0.254,,0.254,1750000,1170000,,16400000,79200,93600,,0.13,0.053486,1.33,2.22,,0.254,0.521638,0.729819,1.040105,,,,,,,,,,,,Bigeye tuna Central Western Pacific Ocean,1986,2.22
1760000,110000,0.0625,2.25,0.284,,0.284,1760000,1180000,,10600000,102000,110000,,0.14,0.0625,1.29,2.25,,0.284,0.676198,0.939919,1.222346,,,,,,,,,,,,Bigeye tuna Central Western Pacific Ocean,1987,2.25
1810000,110000,0.060773,2.22,0.255,,0.255,1810000,1170000,,15300000,97300,110000,,0.13,0.060773,1.26,2.22,,0.255,0.62983,0.896609,1.222346,,,,,,,,,,,,Bigeye tuna Central Western Pacific Ocean,1988,2.22
1850000,109000,0.058919,2.27,0.29,,0.29,1850000,1200000,,11200000,99900,109000,,0.14,0.058919,1.3,2.27,,0.29,0.653014,0.920568,1.211233,,,,,,,,,,,,Bigeye tuna Central Western Pacific Ocean,1989,2.27
1860000,126000,0.067742,2.39,0.365,,0.365,1860000,1260000,,25500000,121000,126000,,0.18,0.067742,1.33,2.39,,0.365,0.803709,1.115002,1.400141,,,,,,,,,,,,Bigeye tuna Central Western Pacific Ocean,1990,2.39
1830000,112000,0.061202,2.41,0.359,,0.359,1830000,1270000,,14900000,106000,112000,,0.18,0.061202,1.37,2.41,,0.359,0.703246,0.976778,1.24457,,,,,,,,,,,,Bigeye tuna Central Western Pacific Ocean,1991,2.41
1800000,130000,0.072222,2.37,0.374,,0.374,1800000,1250000,,28100000,121000,130000,,0.19,0.072222,1.39,2.37,,0.374,0.761206,1.115002,1.44459,,,,,,,,,,,,Bigeye tuna Central Western Pacific Ocean,1992,2.37
1750000,111000,0.063429,2.3,0.306,,0.306,1750000,1210000,,16700000,105000,111000,,0.15,0.063429,1.33,2.3,,0.306,0.749614,0.967564,1.233458,,,,,,,,,,,,Bigeye tuna Central Western Pacific Ocean,1993,2.3
1730000,128000,0.073988,2.25,0.389,,0.389,1730000,1180000,,22500000,128000,128000,,0.19,0.073988,1.28,2.25,,0.389,0.950541,1.179506,1.422366,,,,,,,,,,,,Bigeye tuna Central Western Pacific Ocean,1994,2.25
1720000,115000,0.06686,2.14,0.383,,0.383,1720000,1130000,,26400000,114000,115000,,0.19,0.06686,1.22,2.14,,0.383,0.935085,1.050498,1.277907,,,,,,,,,,,,Bigeye tuna Central Western Pacific Ocean,1995,2.14
1780000,119000,0.066854,2.13,0.424,,0.424,1780000,1120000,,34300000,116000,119000,,0.21,0.066854,1.29,2.13,,0.424,0.842349,1.068927,1.322356,,,,,,,,,,,,Bigeye tuna Central Western Pacific Ocean,1996,2.13
1800000,160000,0.088889,2.25,0.529,,0.529,1800000,1180000,,22900000,176000,160000,,0.26,0.088889,1.38,2.25,,0.529,1.116692,1.621821,1.777957,,,,,,,,,,,,Bigeye tuna Central Western Pacific Ocean,1997,2.25
1720000,175000,0.101744,2.19,0.679,,0.679,1720000,1150000,,24700000,158000,175000,,0.34,0.101744,1.36,2.19,,0.679,1.2983,1.455953,1.944641,,,,,,,,,,,,Bigeye tuna Central Western Pacific Ocean,1998,2.19
1640000,155000,0.094512,2.12,0.555,,0.555,1640000,1120000,,16800000,145000,155000,,0.28,0.094512,1.3,2.12,,0.555,1.321484,1.336159,1.722396,,,,,,,,,,,,Bigeye tuna Central Western Pacific Ocean,1999,2.12
1590000,142000,0.089308,2,0.529,,0.529,1590000,1050000,,27500000,151000,142000,,0.26,0.089308,1.2,2,,0.529,1.445131,1.391449,1.577937,,,,,,,,,,,,Bigeye tuna Central Western Pacific Ocean,2000,2
1630000,146000,0.089571,1.92,0.503,,0.503,1630000,1010000,,23100000,136000,146000,,0.25,0.089571,1.17,1.92,,0.503,1.248068,1.253225,1.622386,,,,,,,,,,,,Bigeye tuna Central Western Pacific Ocean,2001,1.92
1610000,166000,0.103106,2.01,0.62,,0.62,1610000,1060000,,15700000,154000,166000,,0.31,0.103106,1.19,2.01,,0.62,1.25966,1.419093,1.844631,,,,,,,,,,,,Bigeye tuna Central Western Pacific Ocean,2002,2.01
1560000,141000,0.090385,1.98,0.555,,0.555,1560000,1040000,,17600000,119000,141000,,0.28,0.090385,1.16,1.98,,0.555,1.097372,1.096572,1.566825,,,,,,,,,,,,Bigeye tuna Central Western Pacific Ocean,2003,1.98
1520000,190000,0.125,1.96,0.772,,0.772,1520000,1030000,,,178000,190000,,0.39,0.125,1.21,1.96,,0.772,1.564915,1.640251,2.111324,,,,,,,,,,,,Bigeye tuna Central Western Pacific Ocean,2004,1.96
1480000,148000,0.1,1.79,0.582,,0.582,1480000,942000,,,149000,148000,,0.29,0.1,1.15,1.79,,0.582,1.572643,1.373019,1.644611,,,,,,,,,,,,Bigeye tuna Central Western Pacific Ocean,2005,1.79
1440000,158000,0.109722,1.8,0.635,,0.635,1440000,950000,,,156000,158000,,0.32,0.109722,1.12,1.8,,0.635,1.37558,1.437523,1.755733,,,,,,,,,,,,Bigeye tuna Central Western Pacific Ocean,2006,1.8
1410000,143000,0.101418,1.77,0.598,,0.598,1410000,930000,,,134000,143000,,0.3,0.101418,1.06,1.77,,0.598,,1.234795,1.589049,,,,,,,,,,,,Bigeye tuna Central Western Pacific Ocean,2007,1.77
1340000,151000,0.112687,1.71,0.614,,0.614,1340000,899000,,,133000,151000,,0.31,0.112687,1.03,1.71,,0.614,,1.225581,1.677947,,,,,,,,,,,,Bigeye tuna Central Western Pacific Ocean,2008,1.71
1300000,150000,0.115385,1.63,0.688,,0.688,1300000,861000,,,142000,150000,,0.34,0.115385,0.987,1.63,,0.688,,1.308515,1.666835,,,,,,,,,,,,Bigeye tuna Central Western Pacific Ocean,2009,1.63
1280000,137000,0.107031,1.52,0.617,,0.617,1280000,802000,,,117000,137000,,0.31,0.107031,0.924,1.52,,0.617,,1.078142,1.522376,,,,,,,,,,,,Bigeye tuna Central Western Pacific Ocean,2010,1.52
1250000,160000,0.128,1.56,0.677,,0.677,1250000,823000,,,160000,160000,,0.34,0.128,0.921,1.56,,0.677,,1.474383,1.777957,,,,,,,,,,,,Bigeye tuna Central Western Pacific Ocean,2011,1.56
1280000,163000,0.127344,1.49,0.648,,0.648,1280000,784000,,,162000,163000,,0.32,0.127344,,1.49,,0.648,,1.492812,1.811294,,,,,,,,,,,,Bigeye tuna Central Western Pacific Ocean,2012,1.49
1360000,153000,0.1125,1.48,0.564,,0.564,1360000,777000,,,,153000,,0.282,0.1125,,1.48,,0.564,,,1.700172,,,,,,,,,,,,Bigeye tuna Central Western Pacific Ocean,2013,1.48
1500000,159000,0.106,1.62,0.581,,0.581,1500000,853000,,,,159000,,0.291,0.106,,1.62,,0.581,,,1.766845,,,,,,,,,,,,Bigeye tuna Central Western Pacific Ocean,2014,1.62
,135000,,,0.626,,0.626,,968000,,,,135000,,0.313,,,,,0.626,,,1.500152,,,,,,,,,,,,Bigeye tuna Central Western Pacific Ocean,2015,
8560000,,,,,,,8560000,1280000,,7970000,,,,,,,,,,,,,,,,,,,,,,,,Southern bluefin tuna Southern Oceans,1931,
8560000,,,,,,,8560000,1280000,,6560000,,,,,,,,,,,,,,,,,,,,,,,,Southern bluefin tuna Southern Oceans,1932,
8560000,,,,,,,8560000,1280000,,6560000,,,,,,,,,,,,,,,,,,,,,,,,Southern bluefin tuna Southern Oceans,1933,
8560000,,,,,,,8560000,1280000,,6560000,,,,,,,,,,,,,,,,,,,,,,,,Southern bluefin tuna Southern Oceans,1934,
8560000,,,,,,,8560000,1280000,,6560000,,,,,,,,,,,,,,,,,,,,,,,,Southern bluefin tuna Southern Oceans,1935,
8560000,,,,,,,8560000,1280000,,6560000,,,,,,,,,,,,,,,,,,,,,,,,Southern bluefin tuna Southern Oceans,1936,
8560000,,,,,,,8560000,1280000,,6640000,,,,,,,,,,,,,,,,,,,,,,,,Southern bluefin tuna Southern Oceans,1937,
8560000,,,,,,,8560000,1280000,,6790000,,,,,,,,,,,,,,,,,,,,,,,,Southern bluefin tuna Southern Oceans,1938,
8560000,,,,,,,8560000,1280000,,6970000,,,,,,,,,,,,,,,,,,,,,,,,Southern bluefin tuna Southern Oceans,1939,
8570000,,,,,,,8570000,1280000,,7900000,,,,,,,,,,,,,,,,,,,,,,,,Southern bluefin tuna Southern Oceans,1940,
8480000,,,,,,,8480000,1280000,,8600000,,,,,,,,,,,,,,,,,,,,,,,,Southern bluefin tuna Southern Oceans,1941,
8420000,,,,,,,8420000,1260000,,5760000,,,,,,,,,,,,,,,,,,,,,,,,Southern bluefin tuna Southern Oceans,1942,
8370000,,,,,,,8370000,1250000,,4600000,,,,,,,,,,,,,,,,,,,,,,,,Southern bluefin tuna Southern Oceans,1943,
8310000,,,,,,,8310000,1240000,,6900000,,,,,,,,,,,,,,,,,,,,,,,,Southern bluefin tuna Southern Oceans,1944,
8250000,,,,,,,8250000,1230000,,6200000,,,,,,,,,,,,,,,,,,,,,,,,Southern bluefin tuna Southern Oceans,1945,
8180000,,,,,,,8180000,1220000,,3790000,,,,,,,,,,,,,,,,,,,,,,,,Southern bluefin tuna Southern Oceans,1946,
8120000,,,,,,,8120000,1200000,,3200000,,,,,,,,,,,,,,,,,,,,,,,,Southern bluefin tuna Southern Oceans,1947,
8070000,,,,,,,8070000,1200000,,2730000,,,,,,,,,,,,,,,,,,,,,,,,Southern bluefin tuna Southern Oceans,1948,
7980000,,,,,,,7980000,1190000,,1940000,,,,,,,,,,,,,,,,,,,,,,,,Southern bluefin tuna Southern Oceans,1949,
7920000,,,,,,,7920000,1190000,,2880000,,,,,,,,,,,,,,,,,,,,,,,,Southern bluefin tuna Southern Oceans,1950,
7840000,,,,,,,7840000,1190000,,8090000,,,,,,,,,,,,,,,,,,,,,,,,Southern bluefin tuna Southern Oceans,1951,
7750000,829,0.000107,,,,,7750000,1170000,,12400000,829,829,,0.0003,0.000107,3.07,,,,0.001756,0.025121,0.028935,,,,,,,,,,,,Southern bluefin tuna Southern Oceans,1952,
7640000,4400,0.000576,3.36,0.0761,,0.0761,7640000,1150000,,10400000,4400,4400,,0.0084,0.000576,2.08,3.36,,0.0761,0.00939,0.133333,0.153578,,,,,,,,,,,,Southern bluefin tuna Southern Oceans,1953,3.36
7530000,2870,0.000381,3.31,0.109,,0.109,7530000,1130000,,7420000,2870,2870,,0.0104,0.000381,2.13,3.31,,0.109,0.006171,0.08697,0.100175,,,,,,,,,,,,Southern bluefin tuna Southern Oceans,1954,3.31
7340000,2290,0.000312,3.26,0.0598,,0.0598,7340000,1110000,,7470000,2290,2290,,0.0063,0.000312,2.23,3.26,,0.0598,0.004962,0.069394,0.07993,,,,,,,,,,,,Southern bluefin tuna Southern Oceans,1955,3.26
7140000,10600,0.001485,3.16,0.116,,0.116,7140000,1080000,,8310000,10600,10600,,0.0119,0.001485,2.06,3.16,,0.116,0.023147,0.321212,0.369983,,,,,,,,,,,,Southern bluefin tuna Southern Oceans,1956,3.16
6890000,24200,0.003512,3.03,0.447,,0.447,6890000,1030000,,12400000,24200,24200,,0.044,0.003512,2.22,3.03,,0.447,0.052438,0.733333,0.844678,,,,,,,,,,,,Southern bluefin tuna Southern Oceans,1957,3.03
6670000,14800,0.002219,2.86,0.447,,0.447,6670000,975000,,12600000,14800,14800,,0.0435,0.002219,2.14,2.86,,0.447,0.032318,0.448485,0.51658,,,,,,,,,,,,Southern bluefin tuna Southern Oceans,1958,2.86
6470000,64400,0.009954,2.71,0.953,,0.953,6470000,925000,,8800000,64400,64400,,0.0938,0.009954,2.17,2.71,,0.953,0.141725,1.951515,2.24782,,,,,,,,,,,,Southern bluefin tuna Southern Oceans,1959,2.71
6300000,79400,0.012603,2.52,2.53,,2.53,6300000,860000,,14600000,79400,79400,,0.253,0.012603,1.89,2.52,,2.53,0.176112,2.406061,2.77138,,,,,,,,,,,,Southern bluefin tuna Southern Oceans,1960,2.52
6000000,81800,0.013633,2.38,3.23,,3.23,6000000,814000,,7440000,81700,81800,,0.316,0.013633,1.93,2.38,,3.23,0.18864,2.475758,2.85515,,,,,,,,,,,,Southern bluefin tuna Southern Oceans,1961,2.38
5670000,45800,0.008078,2.27,1.95,,1.95,5670000,775000,,7000000,45800,45800,,0.189,0.008078,1.92,2.27,,1.95,0.111219,1.387879,1.598605,,,,,,,,,,,,Southern bluefin tuna Southern Oceans,1962,2.27
5270000,66300,0.012581,2.17,1.64,,1.64,5270000,741000,,8520000,66300,66300,,0.16,0.012581,1.91,2.17,,1.64,0.166751,2.009091,2.314137,,,,,,,,,,,,Southern bluefin tuna Southern Oceans,1963,2.17
5020000,49900,0.00994,2.05,1.72,,1.72,5020000,699000,,5000000,49900,49900,,0.163,0.00994,1.82,2.05,,1.72,0.130151,1.512121,1.741711,,,,,,,,,,,,Southern bluefin tuna Southern Oceans,1964,2.05
4830000,47600,0.009855,1.94,1.42,,1.42,4830000,662000,,3860000,47600,47600,,0.129,0.009855,1.83,1.94,,1.42,0.128927,1.442424,1.661432,,,,,,,,,,,,Southern bluefin tuna Southern Oceans,1965,1.94
4720000,47700,0.010106,1.89,0.871,,0.871,4720000,645000,,9820000,47700,47700,,0.0805,0.010106,1.94,1.89,,0.871,0.133036,1.445455,1.664922,,,,,,,,,,,,Southern bluefin tuna Southern Oceans,1966,1.89
4630000,65600,0.014168,1.9,0.574,,0.574,4630000,648000,,7070000,65600,65600,,0.056,0.014168,1.88,1.9,,0.574,0.188946,1.987879,2.289705,,,,,,,,,,,,Southern bluefin tuna Southern Oceans,1967,1.9
4490000,58400,0.013007,1.9,0.706,,0.706,4490000,648000,,7800000,58400,58400,,0.0678,0.013007,1.81,1.9,,0.706,0.17651,1.769697,2.038396,,,,,,,,,,,,Southern bluefin tuna Southern Oceans,1968,1.9
4270000,58500,0.0137,1.84,0.399,,0.399,4270000,628000,,10100000,58500,58500,,0.0354,0.0137,1.81,1.84,,0.399,0.185992,1.772727,2.041886,,,,,,,,,,,,Southern bluefin tuna Southern Oceans,1969,1.84
4100000,48200,0.011756,1.86,0.359,,0.359,4100000,636000,,9810000,48200,48200,,0.0312,0.011756,1.75,1.86,,0.359,0.16049,1.460606,1.682374,,,,,,,,,,,,Southern bluefin tuna Southern Oceans,1970,1.86
4010000,45100,0.011247,1.8,0.333,,0.333,4010000,614000,,5770000,45100,45100,,0.0303,0.011247,1.67,1.8,,0.333,0.156456,1.366667,1.574172,,,,,,,,,,,,Southern bluefin tuna Southern Oceans,1971,1.8
3790000,51900,0.013694,1.7,0.548,,0.548,3790000,581000,,4560000,51900,51900,,0.045,0.013694,1.66,1.7,,0.548,0.187432,1.572727,1.811519,,,,,,,,,,,,Southern bluefin tuna Southern Oceans,1972,1.7
3660000,41200,0.011257,1.63,0.723,,0.723,3660000,555000,,6280000,41200,41200,,0.058,0.011257,1.61,1.63,,0.723,0.154948,1.248485,1.438046,,,,,,,,,,,,Southern bluefin tuna Southern Oceans,1973,1.63
3540000,46800,0.01322,1.58,0.564,,0.564,3540000,538000,,7700000,46800,46800,,0.0475,0.01322,1.51,1.58,,0.564,0.182087,1.418182,1.633509,,,,,,,,,,,,Southern bluefin tuna Southern Oceans,1974,1.58
3460000,33000,0.009538,1.48,0.581,,0.581,3460000,504000,,7350000,33000,33000,,0.0472,0.009538,1.49,1.48,,0.581,0.132607,1,1.151833,,,,,,,,,,,,Southern bluefin tuna Southern Oceans,1975,1.48
3430000,42500,0.012391,1.48,0.631,,0.631,3430000,504000,,6670000,42500,42500,,0.0538,0.012391,1.43,1.48,,0.631,0.173505,1.287879,1.483421,,,,,,,,,,,,Southern bluefin tuna Southern Oceans,1976,1.48
3400000,42200,0.012412,1.47,0.806,,0.806,3400000,501000,,6660000,42200,42200,,0.0608,0.012412,1.41,1.47,,0.806,0.177954,1.278788,1.47295,,,,,,,,,,,,Southern bluefin tuna Southern Oceans,1977,1.47
3400000,35900,0.010559,1.47,1.04,,1.04,3400000,501000,,5690000,35900,35900,,0.0728,0.010559,1.38,1.47,,1.04,0.155102,1.087879,1.253055,,,,,,,,,,,,Southern bluefin tuna Southern Oceans,1978,1.47
3380000,38700,0.01145,1.48,0.79,,0.79,3380000,505000,,6240000,38700,38700,,0.0616,0.01145,1.32,1.48,,0.79,0.170335,1.172727,1.350786,,,,,,,,,,,,Southern bluefin tuna Southern Oceans,1979,1.48
3350000,45100,0.013463,1.47,0.78,,0.78,3350000,501000,,6900000,45100,45100,,0.0625,0.013463,1.27,1.47,,0.78,0.203593,1.366667,1.574172,,,,,,,,,,,,Southern bluefin tuna Southern Oceans,1980,1.47
3290000,45100,0.013708,1.39,1.42,,1.42,3290000,476000,,6130000,45100,45100,,0.105,0.013708,1.24,1.39,,1.42,0.211034,1.366667,1.574172,,,,,,,,,,,,Southern bluefin tuna Southern Oceans,1981,1.39
3180000,42800,0.013459,1.32,2.1,,2.1,3180000,450000,,5440000,42800,42800,,0.145,0.013459,1.2,1.32,,2.1,0.20751,1.29697,1.493893,,,,,,,,,,,,Southern bluefin tuna Southern Oceans,1982,1.32
3120000,42900,0.01375,1.27,2.98,,2.98,3120000,433000,,4440000,42900,42900,,0.21,0.01375,1.14,1.27,,2.98,0.217347,1.3,1.497383,,,,,,,,,,,,Southern bluefin tuna Southern Oceans,1983,1.27
2960000,37100,0.012534,1.22,1.93,,1.93,2960000,417000,,4680000,37100,37100,,0.147,0.012534,1.03,1.22,,1.93,0.201362,1.124242,1.29494,,,,,,,,,,,,Southern bluefin tuna Southern Oceans,1984,1.22
2820000,33300,0.011809,1.16,1.68,,1.68,2820000,395000,,3060000,33300,33300,,0.147,0.011809,0.936,1.16,,1.68,0.193807,1.009091,1.162304,,,,,,,,,,,,Southern bluefin tuna Southern Oceans,1985,1.16
2650000,28300,0.010679,1.08,2.31,,2.31,2650000,369000,,3690000,28300,28300,,0.195,0.010679,0.881,1.08,,2.31,0.176759,0.857576,0.987784,,,,,,,,,,,,Southern bluefin tuna Southern Oceans,1986,1.08
2450000,25600,0.010449,1.02,1.83,,1.83,2450000,349000,,3910000,25600,25600,,0.159,0.010449,0.803,1.02,,1.83,0.172932,0.775758,0.893543,,,,,,,,,,,,Southern bluefin tuna Southern Oceans,1987,1.02
2290000,23100,0.010087,0.947,2,,2,2290000,323000,,4310000,23100,23100,,0.168,0.010087,0.749,0.947,,2,0.168576,0.7,0.806283,,,,,,,,,,,,Southern bluefin tuna Southern Oceans,1988,0.947
2060000,17800,0.008641,0.882,0.989,,0.989,2060000,301000,,4290000,17800,17800,,0.0885,0.008641,0.665,0.882,,0.989,0.138894,0.539394,0.621292,,,,,,,,,,,,Southern bluefin tuna Southern Oceans,1989,0.882
1870000,13900,0.007433,0.798,0.791,,0.791,1870000,273000,,4670000,13900,13900,,0.0703,0.007433,0.621,0.798,,0.791,0.114154,0.421212,0.485166,,,,,,,,,,,,Southern bluefin tuna Southern Oceans,1990,0.798
1730000,13700,0.007919,0.723,0.477,,0.477,1730000,247000,,4690000,13700,13700,,0.042,0.007919,0.584,0.723,,0.477,0.11624,0.415152,0.478185,,,,,,,,,,,,Southern bluefin tuna Southern Oceans,1991,0.723
1560000,14200,0.009103,0.659,0.328,,0.328,1560000,225000,,3740000,14200,14200,,0.0283,0.009103,0.573,0.659,,0.328,0.121951,0.430303,0.495637,,,,,,,,,,,,Southern bluefin tuna Southern Oceans,1992,0.659
1450000,14300,0.009862,0.585,0.266,,0.266,1450000,200000,,3240000,14300,14300,,0.023,0.009862,0.544,0.585,,0.266,0.122437,0.433333,0.499128,,,,,,,,,,,,Southern bluefin tuna Southern Oceans,1993,0.585
1340000,13200,0.009851,0.535,0.315,,0.315,1340000,183000,,2900000,13200,13200,,0.0274,0.009851,0.533,0.535,,0.315,0.115475,0.4,0.460733,,,,,,,,,,,,Southern bluefin tuna Southern Oceans,1994,0.535
1260000,13900,0.011032,0.476,0.391,,0.391,1260000,162000,,2960000,13900,13900,,0.0357,0.011032,0.526,0.476,,0.391,0.127126,0.421212,0.485166,,,,,,,,,,,,Southern bluefin tuna Southern Oceans,1995,0.476
1170000,16600,0.014188,0.436,0.689,,0.689,1170000,149000,,3910000,16600,16600,,0.0626,0.014188,0.52,0.436,,0.689,0.15639,0.50303,0.579407,,,,,,,,,,,,Southern bluefin tuna Southern Oceans,1996,0.436
1090000,16100,0.014771,0.401,0.821,,0.821,1090000,137000,,3530000,16100,16100,,0.0741,0.014771,0.498,0.401,,0.821,0.15913,0.487879,0.561955,,,,,,,,,,,,Southern bluefin tuna Southern Oceans,1997,0.401
1000000,17800,0.0178,0.377,0.762,,0.762,1000000,129000,,3070000,17800,17800,,0.0685,0.0178,0.478,0.377,,0.762,0.185022,0.539394,0.621292,,,,,,,,,,,,Southern bluefin tuna Southern Oceans,1998,0.377
982000,19500,0.019857,0.362,0.878,,0.878,982000,124000,,2550000,19500,19500,,0.0804,0.019857,0.466,0.362,,0.878,0.213734,0.590909,0.680629,,,,,,,,,,,,Southern bluefin tuna Southern Oceans,1999,0.362
982000,15500,0.015784,0.362,0.894,,0.894,982000,124000,,1520000,15500,15500,,0.0831,0.015784,0.447,0.362,,0.894,0.18117,0.469697,0.541013,,,,,,,,,,,,Southern bluefin tuna Southern Oceans,2000,0.362
927000,16000,0.01726,0.377,0.894,,0.894,927000,129000,,1700000,16000,16000,,0.0859,0.01726,0.429,0.377,,0.894,0.198548,0.484848,0.558465,,,,,,,,,,,,Southern bluefin tuna Southern Oceans,2001,0.377
871000,15300,0.017566,0.353,1.12,,1.12,871000,120000,,1650000,15300,15300,,0.107,0.017566,0.396,0.353,,1.12,0.206213,0.463636,0.534032,,,,,,,,,,,,Southern bluefin tuna Southern Oceans,2002,0.353
838000,14100,0.016826,0.328,1.16,,1.16,838000,112000,,2070000,14100,14100,,0.112,0.016826,0.374,0.328,,1.16,0.205794,0.427273,0.492147,,,,,,,,,,,,Southern bluefin tuna Southern Oceans,2003,0.328
816000,13500,0.016544,0.313,1.18,,1.18,816000,107000,,2870000,13500,13500,,0.111,0.016544,0.355,0.313,,1.18,0.208946,0.409091,0.471204,,,,,,,,,,,,Southern bluefin tuna Southern Oceans,2004,0.313
783000,16200,0.02069,0.313,1.57,,1.57,783000,107000,,4130000,16200,16200,,0.145,0.02069,0.342,0.313,,1.57,0.25637,0.490909,0.565445,,,,,,,,,,,,Southern bluefin tuna Southern Oceans,2005,0.313
727000,11700,0.016094,0.304,1.63,,1.63,727000,104000,,4130000,11700,11700,,0.157,0.016094,0.35,0.304,,1.63,0.18833,0.354545,0.408377,,,,,,,,,,,,Southern bluefin tuna Southern Oceans,2006,0.304
728000,10600,0.01456,0.289,1.49,,1.49,728000,98600,,3210000,10600,10600,,0.133,0.01456,0.37,0.289,,1.49,0.161401,0.321212,0.369983,,,,,,,,,,,,Southern bluefin tuna Southern Oceans,2007,0.289
762000,11400,0.014961,0.304,1.21,,1.21,762000,104000,,3140000,11400,11400,,0.108,0.014961,0.388,0.304,,1.21,0.16384,0.345455,0.397906,,,,,,,,,,,,Southern bluefin tuna Southern Oceans,2008,0.304
729000,10900,0.014952,0.289,1.15,,1.15,729000,98800,,3360000,10900,10900,,0.0961,0.014952,0.412,0.289,,1.15,0.149777,0.330303,0.380454,,,,,,,,,,,,Southern bluefin tuna Southern Oceans,2009,0.289
763000,9720,0.012739,0.289,0.78,,0.78,763000,98800,,5730000,9720,9720,,0.0682,0.012739,0.433,0.289,,0.78,0.126176,0.294545,0.339267,,,,,,,,,,,,Southern bluefin tuna Southern Oceans,2010,0.289
763000,9440,0.012372,0.29,0.724,,0.724,763000,98900,,4500000,9440,9440,,0.0626,0.012372,0.467,0.29,,0.724,0.112676,0.286061,0.329494,,,,,,,,,,,,Southern bluefin tuna Southern Oceans,2011,0.29
786000,10300,0.013104,0.29,0.81,,0.81,786000,99000,,4950000,10300,10300,,0.071,0.013104,0.537,0.29,,0.81,0.109076,0.312121,0.359512,,,,,,,,,,,,Southern bluefin tuna Southern Oceans,2012,0.29
842000,11700,0.013895,0.265,0.684,,0.684,842000,90500,,9580000,11700,11700,,0.0576,0.013895,0.587,0.265,,0.684,0.109859,0.354545,0.408377,,,,,,,,,,,,Southern bluefin tuna Southern Oceans,2013,0.265
899000,11900,0.013237,0.28,0.701,,0.701,899000,95700,,4730000,,11900,,,0.013237,0.653,0.28,,0.701,,,0.415358,,,,,,,,,,,,Southern bluefin tuna Southern Oceans,2014,0.28
989000,14400,0.01456,0.33,0.562,,0.562,989000,113000,,3690000,,14400,,,0.01456,,0.33,,0.562,,,0.502618,,,,,,,,,,,,Southern bluefin tuna Southern Oceans,2015,0.33
1070000,14400,0.013458,0.38,0.496,,0.496,1070000,130000,,3810000,,14400,,,0.013458,,0.38,,0.496,,,0.502618,,,,,,,,,,,,Southern bluefin tuna Southern Oceans,2016,0.38
1810000,,,2.45,0.0039,,0.0039,1810000,,,,1200,,,0.0007,,2.45,,,0.0039,0.004668,0.008299,,,,,,,,,,,,,Yellowfin tuna Atlantic Ocean,1950,2.45
1840000,1360,0.000739,2.49,0.0043,,0.0043,1840000,,,,1360,1360,,0.0007,0.000739,2.49,,,0.0043,0.005251,0.009405,0.012988,,,,,,,,,,,,Yellowfin tuna Atlantic Ocean,1951,2.49
1870000,2790,0.001492,2.52,0.0087,,0.0087,1870000,,,,2790,2790,,0.0015,0.001492,2.52,,,0.0087,0.010658,0.019295,0.026645,,,,,,,,,,,,Yellowfin tuna Atlantic Ocean,1952,2.52
1890000,3600,0.001905,2.55,0.0112,,0.0112,1890000,,,,3600,3600,,0.0019,0.001905,2.55,,,0.0112,0.013614,0.024896,0.03438,,,,,,,,,,,,Yellowfin tuna Atlantic Ocean,1953,2.55
1900000,3410,0.001795,2.57,0.0105,,0.0105,1900000,,,,3410,3410,,0.0018,0.001795,2.57,,,0.0105,0.012836,0.023582,0.032566,,,,,,,,,,,,Yellowfin tuna Atlantic Ocean,1954,2.57
1920000,4300,0.00224,2.59,0.0131,,0.0131,1920000,,,,4300,4300,,0.0022,0.00224,2.59,,,0.0131,0.016103,0.029737,0.041065,,,,,,,,,,,,Yellowfin tuna Atlantic Ocean,1955,2.59
1930000,6600,0.00342,2.61,0.02,,0.02,1930000,,,,6600,6600,,0.0034,0.00342,2.61,,,0.02,0.024583,0.045643,0.06303,,,,,,,,,,,,Yellowfin tuna Atlantic Ocean,1956,2.61
1940000,23700,0.012216,2.62,0.0722,,0.0722,1940000,,,,23700,23700,,0.0123,0.012216,2.62,,,0.0722,0.087518,0.1639,0.226336,,,,,,,,,,,,Yellowfin tuna Atlantic Ocean,1957,2.62
1920000,40600,0.021146,2.6,0.125,,0.125,1920000,,,,40600,40600,,0.0212,0.021146,2.6,,,0.125,0.151309,0.280775,0.387732,,,,,,,,,,,,Yellowfin tuna Atlantic Ocean,1958,2.6
1900000,57800,0.030421,2.57,0.181,,0.181,1900000,,,,57800,57800,,0.0307,0.030421,2.57,,,0.181,0.218212,0.399723,0.551993,,,,,,,,,,,,Yellowfin tuna Atlantic Ocean,1959,2.57
1860000,68500,0.036828,2.52,0.219,,0.219,1860000,,,,68500,68500,,0.0372,0.036828,2.52,,,0.219,0.26411,0.473721,0.654178,,,,,,,,,,,,Yellowfin tuna Atlantic Ocean,1960,2.52
1820000,58800,0.032308,2.46,0.191,,0.191,1820000,,,,58800,58800,,0.0325,0.032308,2.46,,,0.191,0.230659,0.406639,0.561543,,,,,,,,,,,,Yellowfin tuna Atlantic Ocean,1961,2.46
1790000,57500,0.032123,2.42,0.19,,0.19,1790000,,,,57500,57500,,0.0323,0.032123,2.42,,,0.19,0.22638,0.397649,0.549128,,,,,,,,,,,,Yellowfin tuna Atlantic Ocean,1962,2.42
1770000,64600,0.036497,2.39,0.216,,0.216,1770000,,,,64600,64600,,0.0367,0.036497,2.39,,,0.216,0.254386,0.44675,0.616933,,,,,,,,,,,,Yellowfin tuna Atlantic Ocean,1963,2.39
1750000,68900,0.039371,2.36,0.234,,0.234,1750000,,,,68900,68900,,0.0398,0.039371,2.36,,,0.234,0.272668,0.476487,0.657998,,,,,,,,,,,,Yellowfin tuna Atlantic Ocean,1964,2.36
1720000,67700,0.03936,2.33,0.233,,0.233,1720000,,,,67700,67700,,0.0396,0.03936,2.33,,,0.233,0.269556,0.468188,0.646538,,,,,,,,,,,,Yellowfin tuna Atlantic Ocean,1965,2.33
1700000,58700,0.034529,2.3,0.204,,0.204,1700000,,,,58700,58700,,0.0347,0.034529,2.3,,,0.204,0.232993,0.405947,0.560588,,,,,,,,,,,,Yellowfin tuna Atlantic Ocean,1966,2.3
1690000,60200,0.035621,2.28,0.21,,0.21,1690000,,,,60200,60200,,0.0357,0.035621,2.28,,,0.21,0.236493,0.416321,0.574913,,,,,,,,,,,,Yellowfin tuna Atlantic Ocean,1967,2.28
1680000,84300,0.050179,2.27,0.298,,0.298,1680000,,,,84300,84300,,0.0507,0.050179,2.27,,,0.298,0.329457,0.582988,0.805069,,,,,,,,,,,,Yellowfin tuna Atlantic Ocean,1968,2.27
1650000,94600,0.057333,2.23,0.341,,0.341,1650000,,,,94600,94600,,0.058,0.057333,2.23,,,0.341,0.376522,0.654219,0.903435,,,,,,,,,,,,Yellowfin tuna Atlantic Ocean,1969,2.23
1610000,74500,0.046273,2.18,0.273,,0.273,1610000,,,,74500,74500,,0.0464,0.046273,2.18,,,0.273,0.303007,0.515214,0.711479,,,,,,,,,,,,Yellowfin tuna Atlantic Ocean,1970,2.18
1600000,74500,0.046563,2.16,0.275,,0.275,1600000,,,,74500,74500,,0.0467,0.046563,2.16,,,0.275,0.302618,0.515214,0.711479,,,,,,,,,,,,Yellowfin tuna Atlantic Ocean,1971,2.16
1590000,94600,0.059497,2.14,0.354,,0.354,1590000,,,,94600,94600,,0.0602,0.059497,2.14,,,0.354,0.383913,0.654219,0.903435,,,,,,,,,,,,Yellowfin tuna Atlantic Ocean,1972,2.14
1560000,95100,0.060962,2.1,0.362,,0.362,1560000,,,,95100,95100,,0.0616,0.060962,2.1,,,0.362,0.392859,0.657676,0.90821,,,,,,,,,,,,Yellowfin tuna Atlantic Ocean,1973,2.1
1530000,107000,0.069935,2.07,0.416,,0.416,1530000,,,,107000,107000,,0.0709,0.069935,2.07,,,0.416,0.447315,0.739972,1.021855,,,,,,,,,,,,Yellowfin tuna Atlantic Ocean,1974,2.07
1500000,125000,0.083333,2.02,0.498,,0.498,1500000,,,,125000,125000,,0.0848,0.083333,2.02,,,0.498,0.532888,0.864454,1.193756,,,,,,,,,,,,Yellowfin tuna Atlantic Ocean,1975,2.02
1450000,125000,0.086207,1.96,0.514,,0.514,1450000,,,,125000,125000,,0.0876,0.086207,1.96,,,0.514,0.552336,0.864454,1.193756,,,,,,,,,,,,Yellowfin tuna Atlantic Ocean,1976,1.96
1410000,131000,0.092908,1.9,0.555,,0.555,1410000,,,,131000,131000,,0.0944,0.092908,1.9,,,0.555,0.591233,0.905947,1.251056,,,,,,,,,,,,Yellowfin tuna Atlantic Ocean,1977,1.9
1360000,134000,0.098529,1.84,0.587,,0.587,1360000,,,,134000,134000,,0.0999,0.098529,1.84,,,0.587,0.622351,0.926694,1.279706,,,,,,,,,,,,Yellowfin tuna Atlantic Ocean,1978,1.84
1320000,128000,0.09697,1.78,0.573,,0.573,1320000,,,,128000,128000,,0.0975,0.09697,1.78,,,0.573,0.606792,0.885201,1.222406,,,,,,,,,,,,Yellowfin tuna Atlantic Ocean,1979,1.78
1290000,131000,0.10155,1.74,0.602,,0.602,1290000,,,,131000,131000,,0.103,0.10155,1.74,,,0.602,0.63013,0.905947,1.251056,,,,,,,,,,,,Yellowfin tuna Atlantic Ocean,1980,1.74
1260000,156000,0.12381,1.7,0.748,,0.748,1260000,,,,156000,156000,,0.127,0.12381,1.7,,,0.748,0.76627,1.078838,1.489807,,,,,,,,,,,,Yellowfin tuna Atlantic Ocean,1981,1.7
1200000,165000,0.1375,1.62,0.83,,0.83,1200000,,,,165000,165000,,0.141,0.1375,1.62,,,0.83,0.847953,1.141079,1.575758,,,,,,,,,,,,Yellowfin tuna Atlantic Ocean,1982,1.62
1140000,166000,0.145614,1.55,0.872,,0.872,1140000,,,,166000,166000,,0.148,0.145614,1.55,,,0.872,0.89074,1.147994,1.585308,,,,,,,,,,,,Yellowfin tuna Atlantic Ocean,1983,1.55
1090000,114000,0.104587,1.47,0.616,,0.616,1090000,,,,114000,114000,,0.105,0.104587,1.47,,,0.616,0.641799,0.788382,1.088705,,,,,,,,,,,,Yellowfin tuna Atlantic Ocean,1984,1.47
1090000,157000,0.144037,1.47,0.861,,0.861,1090000,,,,157000,157000,,0.147,0.144037,1.47,,,0.861,0.859622,1.085754,1.499358,,,,,,,,,,,,Yellowfin tuna Atlantic Ocean,1985,1.47
1050000,147000,0.14,1.41,0.837,,0.837,1050000,,,,147000,147000,,0.143,0.14,1.41,,,0.837,0.832394,1.016598,1.403857,,,,,,,,,,,,Yellowfin tuna Atlantic Ocean,1986,1.41
1020000,145000,0.142157,1.37,0.849,,0.849,1020000,,,,145000,145000,,0.145,0.142157,1.37,,,0.849,0.836284,1.002766,1.384757,,,,,,,,,,,,Yellowfin tuna Atlantic Ocean,1987,1.37
990000,136000,0.137374,1.34,0.816,,0.816,990000,,,,136000,136000,,0.139,0.137374,1.34,,,0.816,0.797387,0.940526,1.298807,,,,,,,,,,,,Yellowfin tuna Atlantic Ocean,1988,1.34
973000,162000,0.166495,1.32,1,,1,973000,,,,162000,162000,,0.17,0.166495,1.32,,,1,0.949085,1.120332,1.547108,,,,,,,,,,,,Yellowfin tuna Atlantic Ocean,1989,1.32
932000,194000,0.208155,1.26,1.27,,1.27,932000,,,,194000,194000,,0.216,0.208155,1.26,,,1.27,1.174687,1.341632,1.852709,,,,,,,,,,,,Yellowfin tuna Atlantic Ocean,1990,1.26
861000,168000,0.195122,1.16,1.17,,1.17,861000,,,,167000,168000,,0.199,0.195122,1.16,,,1.17,1.104673,1.15491,1.604408,,,,,,,,,,,,Yellowfin tuna Atlantic Ocean,1991,1.16
819000,164000,0.200244,1.11,1.21,,1.21,819000,,,,164000,164000,,0.205,0.200244,1.11,,,1.21,1.135791,1.134163,1.566208,,,,,,,,,,,,Yellowfin tuna Atlantic Ocean,1992,1.11
780000,163000,0.208974,1.06,1.26,,1.26,780000,,,,163000,163000,,0.215,0.208974,1.06,,,1.26,1.178577,1.127248,1.556658,,,,,,,,,,,,Yellowfin tuna Atlantic Ocean,1993,1.06
743000,174000,0.234186,1,1.42,,1.42,743000,,,,173000,174000,,0.242,0.234186,1,,,1.42,1.306937,1.196404,1.661708,,,,,,,,,,,,Yellowfin tuna Atlantic Ocean,1994,1
695000,155000,0.223022,0.94,1.34,,1.34,695000,,,,153000,155000,,0.228,0.223022,0.94,,,1.34,1.244702,1.058091,1.480257,,,,,,,,,,,,Yellowfin tuna Atlantic Ocean,1995,0.94
666000,149000,0.223724,0.9,1.34,,1.34,666000,,,,153000,149000,,0.228,0.223724,0.9,,,1.34,1.291378,1.058091,1.422957,,,,,,,,,,,,Yellowfin tuna Atlantic Ocean,1996,0.9
642000,137000,0.213396,0.868,1.27,,1.27,642000,,,,137000,137000,,0.216,0.213396,0.868,,,1.27,1.205805,0.947441,1.308357,,,,,,,,,,,,Yellowfin tuna Atlantic Ocean,1997,0.868
629000,144000,0.228935,0.851,1.37,,1.37,629000,,,,149000,144000,,0.234,0.228935,0.851,,,1.37,1.322496,1.030429,1.375207,,,,,,,,,,,,Yellowfin tuna Atlantic Ocean,1998,0.851
609000,136000,0.223317,0.824,1.33,,1.33,609000,,,,140000,136000,,0.226,0.223317,0.824,,,1.33,1.299158,0.968188,1.298807,,,,,,,,,,,,Yellowfin tuna Atlantic Ocean,1999,0.824
597000,132000,0.221106,0.807,1.31,,1.31,597000,,,,136000,132000,,0.223,0.221106,0.807,,,1.31,1.291378,0.940526,1.260606,,,,,,,,,,,,Yellowfin tuna Atlantic Ocean,2000,0.807
588000,153000,0.260204,0.795,1.58,,1.58,588000,,,,165000,153000,,0.268,0.260204,0.795,,,1.58,1.598664,1.141079,1.461157,,,,,,,,,,,,Yellowfin tuna Atlantic Ocean,2001,0.795
558000,134000,0.240143,0.753,1.44,,1.44,558000,,,,140000,134000,,0.245,0.240143,0.753,,,1.44,1.513091,0.968188,1.279706,,,,,,,,,,,,Yellowfin tuna Atlantic Ocean,2002,0.753
544000,122000,0.224265,0.736,1.32,,1.32,544000,,,,126000,122000,,0.225,0.224265,0.736,,,1.32,1.435297,0.871369,1.165106,,,,,,,,,,,,Yellowfin tuna Atlantic Ocean,2003,0.736
543000,119000,0.219153,0.734,1.29,,1.29,543000,,,,120000,119000,,0.22,0.219153,0.734,,,1.29,1.404179,0.829876,1.136456,,,,,,,,,,,,Yellowfin tuna Atlantic Ocean,2004,0.734
545000,102000,0.187156,0.736,1.08,,1.08,545000,,,,107000,102000,,0.183,0.187156,0.736,,,1.08,1.26804,0.739972,0.974105,,,,,,,,,,,,Yellowfin tuna Atlantic Ocean,2005,0.736
564000,105000,0.18617,0.763,1.07,,1.07,564000,,,,107000,105000,,0.183,0.18617,0.763,,,1.07,1.233033,0.739972,1.002755,,,,,,,,,,,,Yellowfin tuna Atlantic Ocean,2006,0.763
582000,96000,0.164948,0.786,0.946,,0.946,582000,,,,99600,96000,,0.161,0.164948,0.786,,,0.946,1.116342,0.688797,0.916805,,,,,,,,,,,,Yellowfin tuna Atlantic Ocean,2007,0.786
609000,107000,0.175698,0.823,1.02,,1.02,609000,,,,110000,107000,,0.173,0.175698,0.823,,,1.02,1.163018,0.760719,1.021855,,,,,,,,,,,,Yellowfin tuna Atlantic Ocean,2008,0.823
626000,113000,0.180511,0.846,1.06,,1.06,626000,,,,116000,113000,,0.18,0.180511,0.846,,,1.06,1.178577,0.802213,1.079155,,,,,,,,,,,,Yellowfin tuna Atlantic Ocean,2009,0.846
637000,109000,0.171115,0.861,0.99,,0.99,637000,,,,108000,109000,,0.169,0.171115,0.861,,,0.99,1.073555,0.746888,1.040955,,,,,,,,,,,,Yellowfin tuna Atlantic Ocean,2010,0.861
653000,103000,0.157734,0.883,0.907,,0.907,653000,,,,,103000,,0.154,0.157734,0.883,,,0.907,,,0.983655,,,,,,,,,,,,Yellowfin tuna Atlantic Ocean,2011,0.883
676000,105000,0.155325,0.913,0.894,,0.894,676000,,,,,105000,,0.152,0.155325,0.913,,,0.894,,,1.002755,,,,,,,,,,,,Yellowfin tuna Atlantic Ocean,2012,0.913
697000,97300,0.139598,0.942,0.803,,0.803,697000,,,,,97300,,0.137,0.139598,0.942,,,0.803,,,0.92922,,,,,,,,,,,,Yellowfin tuna Atlantic Ocean,2013,0.942
725000,97000,0.133793,0.98,0.77,,0.77,725000,,,,,97000,,0.131,0.133793,0.98,,,0.77,,,0.926355,,,,,,,,,,,,Yellowfin tuna Atlantic Ocean,2014,0.98
,109000,,,,,,,,,,,109000,,,,,,,,,,1.040955,,,,,,,,,,,,Yellowfin tuna Atlantic Ocean,2015,
,128000,,,,,,,,,,,128000,,,,,,,,,,1.222406,,,,,,,,,,,,Yellowfin tuna Atlantic Ocean,2016,
,22600,,,,,,,,,,,22600,,,,,,,,,,0.079993,,,,,,,,,,,,Yellowfin tuna Central Western Pacific Ocean,1950,
,20100,,,,,,,,,,,20100,,,,,,,,,,0.071144,,,,,,,,,,,,Yellowfin tuna Central Western Pacific Ocean,1951,
7840000,32500,0.004145,5.41,0.00677,,0.00677,7840000,4550000,,,21400,32500,,0.00575,0.004145,3.21,5.41,,0.00677,,0.036494,0.115034,,,,0.055556,,,,,,,,Yellowfin tuna Central Western Pacific Ocean,1952,5.41
7950000,40100,0.005044,5.41,0.00985,,0.00985,7950000,4550000,,,28600,40100,,0.00837,0.005044,3.19,5.41,,0.00985,,0.048772,0.141935,,,,0.088889,,,,,,,,Yellowfin tuna Central Western Pacific Ocean,1953,5.41
7720000,41900,0.005427,5.45,0.00985,,0.00985,7720000,4580000,,,27400,41900,,0.00837,0.005427,3.03,5.45,,0.00985,,0.046726,0.148306,,,,0.088889,,,,,,,,Yellowfin tuna Central Western Pacific Ocean,1954,5.45
7560000,41400,0.005476,5.18,0.00985,,0.00985,7560000,4350000,,,26700,41400,,0.00837,0.005476,3,5.18,,0.00985,,0.045532,0.146536,,,,0.088889,,,,,,,,Yellowfin tuna Central Western Pacific Ocean,1955,5.18
7890000,42700,0.005412,5.03,0.00892,,0.00892,7890000,4230000,,,28200,42700,,0.00759,0.005412,3.28,5.03,,0.00892,,0.04809,0.151137,,,,0.088889,,,,,,,,Yellowfin tuna Central Western Pacific Ocean,1956,5.03
8100000,58000,0.00716,5.65,0.0135,,0.0135,8100000,4750000,,,49400,58000,,0.0115,0.00716,3.38,5.65,,0.0135,,0.084243,0.205292,,,,0.1,,,,,,,,Yellowfin tuna Central Western Pacific Ocean,1957,5.65
8360000,63400,0.007584,5.54,0.016,,0.016,8360000,4660000,,,57700,63400,,0.0136,0.007584,3.47,5.54,,0.016,,0.098397,0.224406,,,,0.122222,,,,,,,,Yellowfin tuna Central Western Pacific Ocean,1958,5.54
8620000,66900,0.007761,5.76,0.016,,0.016,8620000,4840000,,,57200,66900,,0.0136,0.007761,3.66,5.76,,0.016,,0.097544,0.236794,,,,0.111111,,,,,,,,Yellowfin tuna Central Western Pacific Ocean,1959,5.76
8360000,73700,0.008816,6.21,0.0206,,0.0206,8360000,5220000,,,69000,73700,,0.0175,0.008816,3.56,6.21,,0.0206,,0.117667,0.260863,,,,0.122222,,,,,,,,Yellowfin tuna Central Western Pacific Ocean,1960,6.21
7110000,75400,0.010605,5.55,0.0222,,0.0222,7110000,4670000,,,72900,75400,,0.0188,0.010605,3.1,5.55,,0.0222,,0.124318,0.26688,,,,0.155556,,,,,,,,Yellowfin tuna Central Western Pacific Ocean,1961,5.55
6210000,83900,0.01351,4.09,0.0274,,0.0274,6210000,3440000,,,72100,83900,,0.0233,0.01351,2.72,4.09,,0.0274,,0.122954,0.296966,,,,0.211111,,,,,,,,Yellowfin tuna Central Western Pacific Ocean,1962,4.09
5950000,75800,0.012739,3.82,0.0222,,0.0222,5950000,3210000,,,66000,75800,,0.0188,0.012739,2.71,3.82,,0.0222,,0.112551,0.268296,,,,0.155556,,,,,,,,Yellowfin tuna Central Western Pacific Ocean,1963,3.82
6110000,74200,0.012144,4.05,0.0206,,0.0206,6110000,3410000,,,52900,74200,,0.0175,0.012144,2.97,4.05,,0.0206,,0.090211,0.262632,,,,0.144444,,,,,,,,Yellowfin tuna Central Western Pacific Ocean,1964,4.05
6050000,73600,0.012165,4.07,0.0222,,0.0222,6050000,3430000,,,57200,73600,,0.0188,0.012165,3.06,4.07,,0.0222,,0.097544,0.260509,,,,0.122222,,,,,,,,Yellowfin tuna Central Western Pacific Ocean,1965,4.07
5740000,93100,0.01622,4.26,0.0305,,0.0305,5740000,3580000,,,80100,93100,,0.0259,0.01622,2.92,4.26,,0.0305,,0.136596,0.329529,,,,0.155556,,,,,,,,Yellowfin tuna Central Western Pacific Ocean,1966,4.26
5190000,68900,0.013276,3.6,0.0215,,0.0215,5190000,3030000,,,46900,68900,,0.0183,0.013276,2.63,3.6,,0.0215,,0.07998,0.243873,,,,0.133333,,,,,,,,Yellowfin tuna Central Western Pacific Ocean,1967,3.6
4960000,81900,0.016512,3.36,0.0268,,0.0268,4960000,2820000,,,53400,81900,,0.0228,0.016512,2.37,3.36,,0.0268,,0.091064,0.289887,,,,0.166667,,,,,,,,Yellowfin tuna Central Western Pacific Ocean,1968,3.36
4830000,87300,0.018075,3.28,0.0274,,0.0274,4830000,2760000,,,59800,87300,,0.0233,0.018075,2.18,3.28,,0.0274,,0.101978,0.309,,,,0.211111,,,,,,,,Yellowfin tuna Central Western Pacific Ocean,1969,3.28
4910000,99200,0.020204,3.17,0.0612,,0.0612,4910000,2670000,,,91000,99200,,0.052,0.020204,2.5,3.17,,0.0612,,0.155184,0.35112,,,,0.777778,,,,,,,,Yellowfin tuna Central Western Pacific Ocean,1970,3.17
5070000,105000,0.02071,3.38,0.0674,,0.0674,5070000,2840000,,,95300,105000,,0.0573,0.02071,2.66,3.38,,0.0674,,0.162517,0.37165,,,,0.911111,,,,,,,,Yellowfin tuna Central Western Pacific Ocean,1971,3.38
4830000,116000,0.024017,3.6,0.0769,,0.0769,4830000,3030000,,,107000,116000,,0.0654,0.024017,2.6,3.6,,0.0769,,0.182469,0.410584,,,,1.033333,,,,,,,,Yellowfin tuna Central Western Pacific Ocean,1972,3.6
4550000,129000,0.028352,3.12,0.096,,0.096,4550000,2630000,,,129000,129000,,0.0816,0.028352,2.31,3.12,,0.096,,0.219986,0.456598,,,,1.344444,,,,,,,,Yellowfin tuna Central Western Pacific Ocean,1973,3.12
4440000,132000,0.02973,2.92,0.0991,,0.0991,4440000,2450000,,,131000,132000,,0.0842,0.02973,2.2,2.92,,0.0991,,0.223397,0.467217,,,,1.633333,,,,,,,,Yellowfin tuna Central Western Pacific Ocean,1974,2.92
4360000,141000,0.032339,3.08,0.106,,0.106,4360000,2590000,,,135000,141000,,0.09,0.032339,2.08,3.08,,0.106,,0.230218,0.499072,,,,1.555556,,,,,,,,Yellowfin tuna Central Western Pacific Ocean,1975,3.08
4390000,153000,0.034852,2.84,0.0991,,0.0991,4390000,2390000,,,145000,153000,,0.0842,0.034852,2,2.84,,0.0991,,0.247271,0.541546,,,,1.455556,,,,,,,,Yellowfin tuna Central Western Pacific Ocean,1976,2.84
4670000,184000,0.0394,2.97,0.12,,0.12,4670000,2500000,,,180000,184000,,0.102,0.0394,2.27,2.97,,0.12,,0.306958,0.651272,,,,1.744444,,,,,,,,Yellowfin tuna Central Western Pacific Ocean,1977,2.97
4960000,178000,0.035887,3.38,0.104,,0.104,4960000,2840000,,,176000,178000,,0.0887,0.035887,2.43,3.38,,0.104,,0.300136,0.630034,,,,1.444444,,,,,,,,Yellowfin tuna Central Western Pacific Ocean,1978,3.38
4930000,199000,0.040365,3.5,0.122,,0.122,4930000,2940000,,,206000,199000,,0.104,0.040365,2.51,3.5,,0.122,,0.351296,0.704364,,,,1.811111,,,,,,,,Yellowfin tuna Central Western Pacific Ocean,1979,3.5
4510000,218000,0.048337,3.28,0.138,,0.138,4510000,2760000,,,225000,218000,,0.118,0.048337,2.29,3.28,,0.138,,0.383697,0.771615,,,,1.844444,,,,,,,,Yellowfin tuna Central Western Pacific Ocean,1980,3.28
4250000,222000,0.052235,2.91,0.15,,0.15,4250000,2450000,,,215000,222000,,0.127,0.052235,2.25,2.91,,0.15,,0.366644,0.785773,,,,1.966667,,,,,,,,Yellowfin tuna Central Western Pacific Ocean,1981,2.91
4130000,222000,0.053753,2.66,0.158,,0.158,4130000,2230000,,,216000,222000,,0.135,0.053753,2.23,2.66,,0.158,,0.368349,0.785773,,,,2.088889,,,,,,,,Yellowfin tuna Central Western Pacific Ocean,1982,2.66
4130000,277000,0.06707,2.75,0.176,,0.176,4130000,2310000,,,258000,277000,,0.15,0.06707,2.25,2.75,,0.176,,0.439973,0.980447,,,,2.355556,,,,,,,,Yellowfin tuna Central Western Pacific Ocean,1983,2.75
3940000,274000,0.069543,2.73,0.202,,0.202,3940000,2300000,,,260000,274000,,0.172,0.069543,2.24,2.73,,0.202,,0.443383,0.969828,,,,2.622222,,,,,,,,Yellowfin tuna Central Western Pacific Ocean,1984,2.73
3840000,283000,0.073698,2.57,0.205,,0.205,3840000,2160000,,,270000,283000,,0.174,0.073698,2.22,2.57,,0.205,,0.460437,1.001684,,,,2.622222,,,,,,,,Yellowfin tuna Central Western Pacific Ocean,1985,2.57
3940000,264000,0.067005,2.49,0.186,,0.186,3940000,2100000,,,253000,264000,,0.158,0.067005,2.32,2.49,,0.186,,0.431446,0.934433,,,,2.255556,,,,,,,,Yellowfin tuna Central Western Pacific Ocean,1986,2.49
4020000,312000,0.077612,2.71,0.218,,0.218,4020000,2280000,,,274000,312000,,0.186,0.077612,2.39,2.71,,0.218,,0.467258,1.10433,,,,2.544444,,,,,,,,Yellowfin tuna Central Western Pacific Ocean,1987,2.71
3970000,310000,0.078086,2.64,0.219,,0.219,3970000,2220000,,,314000,310000,,0.186,0.078086,2.46,2.64,,0.219,,0.535471,1.097251,,,,2.511111,,,,,,,,Yellowfin tuna Central Western Pacific Ocean,1988,2.64
3870000,357000,0.092248,2.58,0.25,,0.25,3870000,2170000,,,320000,357000,,0.212,0.092248,2.45,2.58,,0.25,,0.545703,1.263608,,,,3.511111,,,,,,,,Yellowfin tuna Central Western Pacific Ocean,1989,2.58
3760000,398000,0.105851,2.58,0.285,,0.285,3760000,2170000,,,356000,398000,,0.242,0.105851,2.26,2.58,,0.285,,0.607094,1.408729,,,,3.2,,,,,,,,Yellowfin tuna Central Western Pacific Ocean,1990,2.58
3710000,426000,0.114825,2.31,0.307,,0.307,3710000,1940000,,,387000,426000,,0.261,0.114825,2.28,2.31,,0.307,,0.659959,1.507835,,,,3.977778,,,,,,,,Yellowfin tuna Central Western Pacific Ocean,1991,2.31
3730000,432000,0.115818,2.46,0.285,,0.285,3730000,2070000,,,372000,432000,,0.242,0.115818,2.14,2.46,,0.285,,0.634379,1.529072,,,,3.322222,,,,,,,,Yellowfin tuna Central Western Pacific Ocean,1992,2.46
3570000,373000,0.104482,2.4,0.269,,0.269,3570000,2020000,,,320000,373000,,0.229,0.104482,1.97,2.4,,0.269,,0.545703,1.320241,,,,3.133333,,,,,,,,Yellowfin tuna Central Western Pacific Ocean,1993,2.4
3520000,415000,0.117898,2.31,0.307,,0.307,3520000,1940000,,,371000,415000,,0.261,0.117898,1.9,2.31,,0.307,,0.632674,1.4689,,,,4.066667,,,,,,,,Yellowfin tuna Central Western Pacific Ocean,1994,2.31
3500000,408000,0.116571,2.21,0.321,,0.321,3500000,1860000,,,398000,408000,,0.273,0.116571,1.81,2.21,,0.321,,0.678718,1.444124,,,,4.466667,,,,,,,,Yellowfin tuna Central Western Pacific Ocean,1995,2.21
3470000,412000,0.118732,2.32,0.382,,0.382,3470000,1950000,,,341000,412000,,0.324,0.118732,1.78,2.32,,0.382,,0.581514,1.458282,,,,4.022222,,,,,,,,Yellowfin tuna Central Western Pacific Ocean,1996,2.32
3290000,498000,0.151368,2.18,0.448,,0.448,3290000,1830000,,,420000,498000,,0.381,0.151368,1.69,2.18,,0.448,,0.716235,1.762681,,,,5.844444,,,,,,,,Yellowfin tuna Central Western Pacific Ocean,1997,2.18
3140000,602000,0.19172,2.14,0.523,,0.523,3140000,1800000,,,494000,602000,,0.444,0.19172,1.54,2.14,,0.523,,0.842428,2.130791,,,,6.133333,,,,,,,,Yellowfin tuna Central Western Pacific Ocean,1998,2.14
2930000,514000,0.175427,1.81,0.586,,0.586,2930000,1520000,,,442000,514000,,0.498,0.175427,1.55,1.81,,0.586,,0.753752,1.819313,,,,6.4,,,,,,,,Yellowfin tuna Central Western Pacific Ocean,1999,1.81
2770000,566000,0.204332,1.87,0.591,,0.591,2770000,1570000,,,465000,566000,,0.503,0.204332,1.5,1.87,,0.591,,0.792974,2.003368,,,,6.833333,,,,,,,,Yellowfin tuna Central Western Pacific Ocean,2000,1.87
2530000,529000,0.209091,1.61,0.609,,0.609,2530000,1360000,,,448000,529000,,0.518,0.209091,1.4,1.61,,0.609,,0.763984,1.872406,,,,7.055556,,,,,,,,Yellowfin tuna Central Western Pacific Ocean,2001,1.61
2460000,484000,0.196748,1.52,0.585,,0.585,2460000,1280000,,,495000,484000,,0.497,0.196748,1.4,1.52,,0.585,,0.844134,1.713127,,,,6.544444,,,,,,,,Yellowfin tuna Central Western Pacific Ocean,2002,1.52
2460000,540000,0.219512,1.52,0.686,,0.686,2460000,1280000,,,533000,540000,,0.583,0.219512,1.36,1.52,,0.686,,0.908936,1.91134,,,,8.411111,,,,,,,,Yellowfin tuna Central Western Pacific Ocean,2003,1.52
2410000,576000,0.239004,1.55,0.705,,0.705,2410000,1310000,,,448000,576000,,0.599,0.239004,1.39,1.55,,0.705,,0.763984,2.038763,,,,7.288889,,,,,,,,Yellowfin tuna Central Western Pacific Ocean,2004,1.55
2250000,547000,0.243111,1.39,0.669,,0.669,2250000,1170000,,,589000,547000,,0.569,0.243111,1.32,1.39,,0.669,,1.004434,1.936117,,,,7.922222,,,,,,,,Yellowfin tuna Central Western Pacific Ocean,2005,1.39
2150000,480000,0.223256,1.39,0.604,,0.604,2150000,1170000,,,515000,480000,,0.513,0.223256,1.3,1.39,,0.604,,0.87824,1.698969,,,,7.133333,,,,,,,,Yellowfin tuna Central Western Pacific Ocean,2006,1.39
2200000,512000,0.232727,1.28,0.628,,0.628,2200000,1080000,,,531000,512000,,0.534,0.232727,1.31,1.28,,0.628,,0.905525,1.812234,,,,7.033333,,,,,,,,Yellowfin tuna Central Western Pacific Ocean,2007,1.28
2200000,603000,0.274091,1.32,0.7,,0.7,2200000,1110000,,,653000,603000,,0.595,0.274091,1.31,1.32,,0.7,,1.113574,2.13433,,,,8.1,,,,,,,,Yellowfin tuna Central Western Pacific Ocean,2008,1.32
2170000,537000,0.247465,1.32,0.638,,0.638,2170000,1110000,,,506000,537000,,0.542,0.247465,1.28,1.32,,0.638,,0.862892,1.900722,,,,7.533333,,,,,,,,Yellowfin tuna Central Western Pacific Ocean,2009,1.32
2140000,556000,0.259813,1.32,0.684,,0.684,2140000,1110000,,,507000,556000,,0.582,0.259813,1.2,1.32,,0.684,,0.864598,1.967973,,,,8.5,,,,,,,,Yellowfin tuna Central Western Pacific Ocean,2010,1.32
2140000,522000,0.243925,1.37,0.691,,0.691,2140000,1150000,,,522000,522000,,0.588,0.243925,1.19,1.37,,0.691,,0.890177,1.847629,,,,7.988889,,,,,,,,Yellowfin tuna Central Western Pacific Ocean,2011,1.37
2110000,606000,0.287204,1.24,0.728,,0.728,2110000,1040000,,,646000,606000,,0.619,0.287204,,1.24,,0.728,,1.101637,2.144949,,,,,,,,,,,,Yellowfin tuna Central Western Pacific Ocean,2012,1.24
2140000,554000,0.258879,1.21,0.718,,0.718,2140000,1010000,,,,554000,,0.61,0.258879,,1.21,,0.718,,,1.960894,,,,,,,,,,,,Yellowfin tuna Central Western Pacific Ocean,2013,1.21
2320000,588000,0.253448,1.35,0.658,,0.658,2320000,1140000,,,,588000,,0.559,0.253448,,1.35,,0.658,,,2.081237,,,,,,,,,,,,Yellowfin tuna Central Western Pacific Ocean,2014,1.35
2580000,576000,0.223256,1.44,0.623,,0.623,2580000,1210000,,,,576000,,0.529,0.223256,,1.44,,0.623,,,2.038763,,,,,,,,,,,,Yellowfin tuna Central Western Pacific Ocean,2015,1.44